;experiment_id;best_experiment_index;dino_model;normalization;scaler;dim_red;reduction_parameters;clustering;penalty;penalty_range;classification_lvl;lvlm;prompt;eval_method;best_score;homogeneity_global;entropy_global;quality_metric;homogeneity_global_w_noise;entropy_global_w_noise;quality_metric_w_noise
0;1;355;small;True;;umap;{'metric': 'cosine', 'n_components': 2, 'n_neighbors': 15, 'min_dist': 0.1};hdbscan;;;3;llava1-5_7b;1;silhouette;0.7258110642433167;0.8657333757556475;0.5022758267746172;1.7236179923230286;0.8572838531385709;0.7281786389069957;1.177297204334581
1;1;355;small;True;;umap;{'metric': 'cosine', 'n_components': 2, 'n_neighbors': 15, 'min_dist': 0.1};hdbscan;;;3;llava1-5_7b;2;silhouette;0.7258110642433167;0.9070951320394528;0.3385014053754047;2.6797302401247918;0.9018949861823924;0.47993241416874904;1.8792085725985268
2;1;355;small;True;;umap;{'metric': 'cosine', 'n_components': 2, 'n_neighbors': 15, 'min_dist': 0.1};hdbscan;;;3;llava1-6_7b;1;silhouette;0.7258110642433167;0.803054406617881;0.6577077945395449;1.2209877886460239;0.7216739044611133;1.1731520826333703;0.6151574889452414
3;1;355;small;True;;umap;{'metric': 'cosine', 'n_components': 2, 'n_neighbors': 15, 'min_dist': 0.1};hdbscan;;;3;llava1-6_7b;2;silhouette;0.7258110642433167;0.8631880369074133;0.5006569644099159;1.7241072713679517;0.7465455981050139;1.1209840621470128;0.6659728334605652
4;1;355;small;True;;umap;{'metric': 'cosine', 'n_components': 2, 'n_neighbors': 15, 'min_dist': 0.1};hdbscan;;;3;llava1-6_13b;1;silhouette;0.7258110642433167;0.8294622971683105;0.6416957569967673;1.2926078994855963;0.6292933280694828;1.487936042381105;0.4229300771102801
5;1;355;small;True;;umap;{'metric': 'cosine', 'n_components': 2, 'n_neighbors': 15, 'min_dist': 0.1};hdbscan;;;3;llava1-6_13b;2;silhouette;0.7258110642433167;0.8262806236080178;0.6368761761662214;1.297393994524877;0.6450848795894196;1.434692662271542;0.4496324870969742
6;2;0;small;True;;;;hdbscan;;;3;llava1-5_7b;1;silhouette;0.4195640981197357;0.8714285714285714;0.4736591226654653;1.839776096253812;0.8314251875246743;1.159586444247638;0.7170008537511533
7;2;0;small;True;;;;hdbscan;;;3;llava1-5_7b;2;silhouette;0.4195640981197357;0.8285714285714286;0.5746065259355394;1.4419780305216179;0.87998420844848;0.7905562455054114;1.1131188961349625
8;2;0;small;True;;;;hdbscan;;;3;llava1-6_7b;1;silhouette;0.4195640981197357;0.9285714285714286;0.24831290193325292;3.739506412415966;0.5272404263718911;2.1155517028167083;0.24922112584097186
9;2;0;small;True;;;;hdbscan;;;3;llava1-6_7b;2;silhouette;0.4195640981197357;0.9285714285714286;0.22038005721243362;4.2134811417859;0.5256612712198973;2.100780655879896;0.2502217542449589
10;2;0;small;True;;;;hdbscan;;;3;llava1-6_13b;1;silhouette;0.4195640981197357;0.8857142857142857;0.3685657049707153;2.4031315736581815;0.36063955783655743;2.603144864456638;0.13853989619280696
11;2;0;small;True;;;;hdbscan;;;3;llava1-6_13b;2;silhouette;0.4195640981197357;0.9107142857142857;0.2881748961394558;3.1602722431496058;0.3651796288985393;2.509266755675464;0.14553234826079267
12;3;25;small;False;;umap;{'metric': 'euclidean', 'n_components': 2, 'n_neighbors': 20, 'min_dist': 0.1};hdbscan;;;3;llava1-5_7b;1;silhouette;0.7266784310340881;0.8678474114441417;0.48777400493008083;1.7791961512430134;0.853730754046585;0.7710132349765825;1.1072827391734406
13;3;25;small;False;;umap;{'metric': 'euclidean', 'n_components': 2, 'n_neighbors': 20, 'min_dist': 0.1};hdbscan;;;3;llava1-5_7b;2;silhouette;0.7266784310340881;0.8954359673024523;0.3649188754723135;2.4537878791707226;0.8985392814844059;0.49185964103989854;1.8268167983205605
14;3;25;small;False;;umap;{'metric': 'euclidean', 'n_components': 2, 'n_neighbors': 20, 'min_dist': 0.1};hdbscan;;;3;llava1-6_7b;1;silhouette;0.7266784310340881;0.8150544959128065;0.6270353089146228;1.2998521526187796;0.6966048164232136;1.2595544150628293;0.5530561086019907
15;3;25;small;False;;umap;{'metric': 'euclidean', 'n_components': 2, 'n_neighbors': 20, 'min_dist': 0.1};hdbscan;;;3;llava1-6_7b;2;silhouette;0.7266784310340881;0.8583106267029973;0.5021084327564802;1.7094094846835357;0.7139755230951441;1.200908313284298;0.5945290915785585
16;3;25;small;False;;umap;{'metric': 'euclidean', 'n_components': 2, 'n_neighbors': 20, 'min_dist': 0.1};hdbscan;;;3;llava1-6_13b;1;silhouette;0.7266784310340881;0.8225476839237057;0.6684536923230038;1.2305212206158658;0.6034346624555863;1.581196044598004;0.381631539546041
17;3;25;small;False;;umap;{'metric': 'euclidean', 'n_components': 2, 'n_neighbors': 20, 'min_dist': 0.1};hdbscan;;;3;llava1-6_13b;2;silhouette;0.7266784310340881;0.8194822888283378;0.665522688030732;1.2313345168121146;0.6091590998815634;1.5226743580337;0.40005842129618374
18;4;3;small;False;standard;umap;{'metric': 'euclidean', 'n_components': 2, 'n_neighbors': 20, 'min_dist': 0.1};hdbscan;;;3;llava1-5_7b;1;silhouette;0.7337381839752197;0.8489979267449896;0.5497533578002854;1.5443223226861864;0.8582708251085669;0.7216820790985815;1.1892627802505642
19;4;3;small;False;standard;umap;{'metric': 'euclidean', 'n_components': 2, 'n_neighbors': 20, 'min_dist': 0.1};hdbscan;;;3;llava1-5_7b;2;silhouette;0.7337381839752197;0.8901174844505875;0.388300801952473;2.292334158571675;0.9013028030003948;0.4794647539588547;1.8798064211229153
20;4;3;small;False;standard;umap;{'metric': 'euclidean', 'n_components': 2, 'n_neighbors': 20, 'min_dist': 0.1};hdbscan;;;3;llava1-6_7b;1;silhouette;0.7337381839752197;0.8217000691085004;0.6065771699666163;1.35464827089594;0.700750098697197;1.2585409455941057;0.5567951875981391
21;4;3;small;False;standard;umap;{'metric': 'euclidean', 'n_components': 2, 'n_neighbors': 20, 'min_dist': 0.1};hdbscan;;;3;llava1-6_7b;2;silhouette;0.7337381839752197;0.874913614374568;0.4649248421327748;1.881834768231076;0.7210817212791156;1.200309484249328;0.6007459992570829
22;4;3;small;False;standard;umap;{'metric': 'euclidean', 'n_components': 2, 'n_neighbors': 20, 'min_dist': 0.1};hdbscan;;;3;llava1-6_13b;1;silhouette;0.7337381839752197;0.8313752591568763;0.6286197804020022;1.3225386195874926;0.6014607185155941;1.579804709371013;0.38071815726951697
23;4;3;small;False;standard;umap;{'metric': 'euclidean', 'n_components': 2, 'n_neighbors': 20, 'min_dist': 0.1};hdbscan;;;3;llava1-6_13b;2;silhouette;0.7337381839752197;0.831720801658604;0.6436228923789816;1.2922466233880363;0.6121200157915515;1.5224705516612635;0.40205678399943123
24;5;0;small;True;standard;umap;{'metric': 'euclidean', 'n_components': 2, 'n_neighbors': 15, 'min_dist': 0.1};hdbscan;;;3;llava1-5_7b;1;silhouette;0.7222709059715271;0.8626049114081442;0.519157426763931;1.661544659469398;0.8564942755625741;0.7236431053907297;1.1835849545131196
25;5;0;small;True;standard;umap;{'metric': 'euclidean', 'n_components': 2, 'n_neighbors': 15, 'min_dist': 0.1};hdbscan;;;3;llava1-5_7b;2;silhouette;0.7222709059715271;0.8940006216972335;0.3754556657477723;2.381102010578801;0.8979470983024083;0.4766692716149683;1.8837908545463635
26;5;0;small;True;standard;umap;{'metric': 'euclidean', 'n_components': 2, 'n_neighbors': 15, 'min_dist': 0.1};hdbscan;;;3;llava1-6_7b;1;silhouette;0.7222709059715271;0.8029219769972024;0.6866410045270348;1.169345847914245;0.7120015791551519;1.1982564632580603;0.5941974917637656
27;5;0;small;True;standard;umap;{'metric': 'euclidean', 'n_components': 2, 'n_neighbors': 15, 'min_dist': 0.1};hdbscan;;;3;llava1-6_7b;2;silhouette;0.7222709059715271;0.8498601181224743;0.5735954695332237;1.481634150945988;0.7337149624950652;1.1286406649489644;0.6500867239632189
28;5;0;small;True;standard;umap;{'metric': 'euclidean', 'n_components': 2, 'n_neighbors': 15, 'min_dist': 0.1};hdbscan;;;3;llava1-6_13b;1;silhouette;0.7222709059715271;0.8066521603978862;0.7582999858533784;1.0637625104629058;0.6217923410975128;1.4970766981288632;0.41533738821616667
29;5;0;small;True;standard;umap;{'metric': 'euclidean', 'n_components': 2, 'n_neighbors': 15, 'min_dist': 0.1};hdbscan;;;3;llava1-6_13b;2;silhouette;0.7222709059715271;0.8094497979483991;0.7474057605034953;1.0830110733854055;0.636991709435452;1.4467172655605773;0.440301145426286
30;6;48;small;True;;umap;{'metric': 'cosine', 'n_components': 2, 'n_neighbors': 15, 'min_dist': 0.1};hdbscan;;;3;llava1-5_7b;1;silhouette;0.725958526134491;0.8691709844559585;0.4857153751724711;1.7894619759264407;0.8572838531385709;0.7399355409435242;1.1585910489640263
31;6;48;small;True;;umap;{'metric': 'cosine', 'n_components': 2, 'n_neighbors': 15, 'min_dist': 0.1};hdbscan;;;3;llava1-5_7b;2;silhouette;0.725958526134491;0.9073834196891192;0.33214374970058563;2.731891503650402;0.9018949861823924;0.48533684966826873;1.8582828163903617
32;6;48;small;True;;umap;{'metric': 'cosine', 'n_components': 2, 'n_neighbors': 15, 'min_dist': 0.1};hdbscan;;;3;llava1-6_7b;1;silhouette;0.725958526134491;0.8060233160621761;0.6446318896172303;1.2503602112836287;0.7187129885511252;1.1843184108398042;0.606857391657107
33;6;48;small;True;;umap;{'metric': 'cosine', 'n_components': 2, 'n_neighbors': 15, 'min_dist': 0.1};hdbscan;;;3;llava1-6_7b;2;silhouette;0.725958526134491;0.8639896373056994;0.49514426370556147;1.7449215424980247;0.7416107382550335;1.134991250514872;0.6534059927885967
34;6;48;small;True;;umap;{'metric': 'cosine', 'n_components': 2, 'n_neighbors': 15, 'min_dist': 0.1};hdbscan;;;3;llava1-6_13b;1;silhouette;0.725958526134491;0.8286917098445595;0.6450034764258852;1.2847844319415063;0.6225819186735096;1.5045445809090783;0.4138006362674187
35;6;48;small;True;;umap;{'metric': 'cosine', 'n_components': 2, 'n_neighbors': 15, 'min_dist': 0.1};hdbscan;;;3;llava1-6_13b;2;silhouette;0.725958526134491;0.8238341968911918;0.6437492930077037;1.2797418592884944;0.6383734701934465;1.451781386108208;0.43971705146852885
36;7;0;small;True;;umap;{'metric': 'euclidean', 'n_components': 2, 'n_neighbors': 9, 'min_dist': 0.1};agglomerative;;;3;llava1-5_7b;1;silhouette;0.542186975479126;0.8598499802605606;0.5200712735413691;1.6533278623094372;0.8598499802605606;0.5200712735413691;1.6533278623094372
37;7;0;small;True;;umap;{'metric': 'euclidean', 'n_components': 2, 'n_neighbors': 9, 'min_dist': 0.1};agglomerative;;;3;llava1-5_7b;2;silhouette;0.542186975479126;0.9007106198183972;0.36361970612434075;2.477060862178728;0.9007106198183972;0.36361970612434075;2.477060862178728
38;7;0;small;True;;umap;{'metric': 'euclidean', 'n_components': 2, 'n_neighbors': 9, 'min_dist': 0.1};agglomerative;;;3;llava1-6_7b;1;silhouette;0.542186975479126;0.7998420844848007;0.6956355959754219;1.1497987442182533;0.7998420844848007;0.6956355959754219;1.1497987442182533
39;7;0;small;True;;umap;{'metric': 'euclidean', 'n_components': 2, 'n_neighbors': 9, 'min_dist': 0.1};agglomerative;;;3;llava1-6_7b;2;silhouette;0.542186975479126;0.8409001184366364;0.5690687171979243;1.4776750423079859;0.8409001184366364;0.5690687171979243;1.4776750423079859
40;7;0;small;True;;umap;{'metric': 'euclidean', 'n_components': 2, 'n_neighbors': 9, 'min_dist': 0.1};agglomerative;;;3;llava1-6_13b;1;silhouette;0.542186975479126;0.773983418870904;0.846435586298742;0.9144021317123615;0.773983418870904;0.846435586298742;0.9144021317123615
41;7;0;small;True;;umap;{'metric': 'euclidean', 'n_components': 2, 'n_neighbors': 9, 'min_dist': 0.1};agglomerative;;;3;llava1-6_13b;2;silhouette;0.542186975479126;0.7874062376628503;0.8073854646848836;0.9752532053781315;0.7874062376628503;0.8073854646848836;0.9752532053781315
42;8;3;small;False;robust;umap;{'metric': 'euclidean', 'n_components': 2, 'n_neighbors': 15, 'min_dist': 0.1};hdbscan;;;3;llava1-5_7b;1;silhouette;0.7247827649116516;0.8661903215329653;0.49402679420967816;1.7533230552719303;0.8570864587445717;0.7398531338303986;1.1584532944449926
43;8;3;small;False;robust;umap;{'metric': 'euclidean', 'n_components': 2, 'n_neighbors': 15, 'min_dist': 0.1};hdbscan;;;3;llava1-5_7b;2;silhouette;0.7247827649116516;0.9028905488795064;0.3446139785013166;2.619997983854486;0.9001184366363996;0.4929936971190799;1.825817685051045
44;8;3;small;False;robust;umap;{'metric': 'euclidean', 'n_components': 2, 'n_neighbors': 15, 'min_dist': 0.1};hdbscan;;;3;llava1-6_7b;1;silhouette;0.7247827649116516;0.8145501786294251;0.6271898571834433;1.2987277625304767;0.7159494670351362;1.2013183879343154;0.5959692936165967
45;8;3;small;False;robust;umap;{'metric': 'euclidean', 'n_components': 2, 'n_neighbors': 15, 'min_dist': 0.1};hdbscan;;;3;llava1-6_7b;2;silhouette;0.7247827649116516;0.8665151023059435;0.48575573961520946;1.7838457640183243;0.734504540071062;1.1583074519834087;0.6341182599620563
46;8;3;small;False;robust;umap;{'metric': 'euclidean', 'n_components': 2, 'n_neighbors': 15, 'min_dist': 0.1};hdbscan;;;3;llava1-6_13b;1;silhouette;0.7247827649116516;0.8311139980513154;0.6174870364479093;1.3459596769393076;0.613501776549546;1.5076054229240197;0.4069376245821853
47;8;3;small;False;robust;umap;{'metric': 'euclidean', 'n_components': 2, 'n_neighbors': 15, 'min_dist': 0.1};hdbscan;;;3;llava1-6_13b;2;silhouette;0.7247827649116516;0.8298148749594024;0.6247912343769099;1.3281453086352084;0.6324516383734702;1.4552987906298192;0.4345851229043056
48;9;0;small;True;robust;umap;{'metric': 'euclidean', 'n_components': 2, 'n_neighbors': 9, 'min_dist': 0.1};hdbscan;;;3;llava1-5_7b;1;silhouette;0.7254218459129333;0.8621691413815364;0.5071359886648882;1.7000715007030387;0.861231741018555;0.703904216772962;1.223505268176379
49;9;0;small;True;robust;umap;{'metric': 'euclidean', 'n_components': 2, 'n_neighbors': 9, 'min_dist': 0.1};hdbscan;;;3;llava1-5_7b;2;silhouette;0.7254218459129333;0.8905745642349903;0.37958582953989095;2.3461682411755;0.9013028030003948;0.4529208700671846;1.989974127031444
50;9;0;small;True;robust;umap;{'metric': 'euclidean', 'n_components': 2, 'n_neighbors': 9, 'min_dist': 0.1};hdbscan;;;3;llava1-6_7b;1;silhouette;0.7254218459129333;0.8166559070367979;0.6079496511623808;1.3432930871533402;0.7120015791551519;1.1856806253084233;0.6004998002477637
51;9;0;small;True;robust;umap;{'metric': 'euclidean', 'n_components': 2, 'n_neighbors': 9, 'min_dist': 0.1};hdbscan;;;3;llava1-6_7b;2;silhouette;0.7254218459129333;0.8624919302775984;0.48444720817886544;1.7803594186463658;0.731741018555073;1.1329511927396057;0.6458710466728884
52;9;0;small;True;robust;umap;{'metric': 'euclidean', 'n_components': 2, 'n_neighbors': 9, 'min_dist': 0.1};hdbscan;;;3;llava1-6_13b;1;silhouette;0.7254218459129333;0.8221433182698515;0.661620177688704;1.2426194112194426;0.6204105803395183;1.4995177820370986;0.41373978623774865
53;9;0;small;True;robust;umap;{'metric': 'euclidean', 'n_components': 2, 'n_neighbors': 9, 'min_dist': 0.1};hdbscan;;;3;llava1-6_13b;2;silhouette;0.7254218459129333;0.829244673983215;0.6425320558502453;1.2905867899448373;0.6308724832214765;1.4518896057813158;0.4345179180231563
54;10;45;small;False;minmax;umap;{'metric': 'cosine', 'n_components': 2, 'n_neighbors': 9, 'min_dist': 0.1};agglomerative;;;3;llava1-5_7b;1;silhouette;0.5489469766616821;0.8584682195025661;0.5127103209428329;1.674369541760684;0.8584682195025661;0.5127103209428329;1.674369541760684
55;10;45;small;False;minmax;umap;{'metric': 'cosine', 'n_components': 2, 'n_neighbors': 9, 'min_dist': 0.1};agglomerative;;;3;llava1-5_7b;2;silhouette;0.5489469766616821;0.9009080142123964;0.3576085620666567;2.5192503494760343;0.9009080142123964;0.3576085620666567;2.5192503494760343
56;10;45;small;False;minmax;umap;{'metric': 'cosine', 'n_components': 2, 'n_neighbors': 9, 'min_dist': 0.1};agglomerative;;;3;llava1-6_7b;1;silhouette;0.5489469766616821;0.8006316620607975;0.6987248529700092;1.1458451961633116;0.8006316620607975;0.6987248529700092;1.1458451961633116
57;10;45;small;False;minmax;umap;{'metric': 'cosine', 'n_components': 2, 'n_neighbors': 9, 'min_dist': 0.1};agglomerative;;;3;llava1-6_7b;2;silhouette;0.5489469766616821;0.8395183576786419;0.5876471397134265;1.428607190159817;0.8395183576786419;0.5876471397134265;1.428607190159817
58;10;45;small;False;minmax;umap;{'metric': 'cosine', 'n_components': 2, 'n_neighbors': 9, 'min_dist': 0.1};agglomerative;;;3;llava1-6_13b;1;silhouette;0.5489469766616821;0.7741808132649033;0.8437727720221309;0.917521780049591;0.7741808132649033;0.8437727720221309;0.917521780049591
59;10;45;small;False;minmax;umap;{'metric': 'cosine', 'n_components': 2, 'n_neighbors': 9, 'min_dist': 0.1};agglomerative;;;3;llava1-6_13b;2;silhouette;0.5489469766616821;0.7879984208448481;0.811863793011953;0.9706030211279854;0.7879984208448481;0.811863793011953;0.9706030211279854
60;11;0;small;True;minmax;umap;{'metric': 'euclidean', 'n_components': 2, 'n_neighbors': 9, 'min_dist': 0.1};hdbscan;;;3;llava1-5_7b;1;silhouette;0.7250986099243164;0.861003861003861;0.5151157927777984;1.6714730971220053;0.8586656138965654;0.7051477730158254;1.2177084421832989
61;11;0;small;True;minmax;umap;{'metric': 'euclidean', 'n_components': 2, 'n_neighbors': 9, 'min_dist': 0.1};hdbscan;;;3;llava1-5_7b;2;silhouette;0.7250986099243164;0.8941441441441441;0.3728795880238027;2.3979369612211263;0.8989340702724042;0.46916824501173904;1.916012355519834
62;11;0;small;True;minmax;umap;{'metric': 'euclidean', 'n_components': 2, 'n_neighbors': 9, 'min_dist': 0.1};hdbscan;;;3;llava1-6_7b;1;silhouette;0.7250986099243164;0.8040540540540541;0.6585037294720593;1.2210300367906022;0.7074615080931701;1.20496498951641;0.5871215571628675
63;11;0;small;True;minmax;umap;{'metric': 'euclidean', 'n_components': 2, 'n_neighbors': 9, 'min_dist': 0.1};hdbscan;;;3;llava1-6_7b;2;silhouette;0.7250986099243164;0.861969111969112;0.5103912305289148;1.6888366640610128;0.7325305961310699;1.143714498652247;0.6404832294344907
64;11;0;small;True;minmax;umap;{'metric': 'euclidean', 'n_components': 2, 'n_neighbors': 9, 'min_dist': 0.1};hdbscan;;;3;llava1-6_13b;1;silhouette;0.7250986099243164;0.8159588159588159;0.7035734000322036;1.1597335206077257;0.6152783260955389;1.5103355622401005;0.4073782900302504
65;11;0;small;True;minmax;umap;{'metric': 'euclidean', 'n_components': 2, 'n_neighbors': 9, 'min_dist': 0.1};hdbscan;;;3;llava1-6_13b;2;silhouette;0.7250986099243164;0.8166023166023166;0.6847694154904416;1.1925198550195182;0.6308724832214765;1.4430850488643157;0.4371689988396482
66;12;0;small;False;minmax;umap;{'metric': 'euclidean', 'n_components': 2, 'n_neighbors': 9, 'min_dist': 0.1};hdbscan;;;3;llava1-5_7b;1;silhouette;0.7301323413848877;0.8691000629326621;0.47592694032729205;1.8261169166386588;0.8610343466245559;0.7024375925613051;1.2257788164584784
67;12;0;small;False;minmax;umap;{'metric': 'euclidean', 'n_components': 2, 'n_neighbors': 9, 'min_dist': 0.1};hdbscan;;;3;llava1-5_7b;2;silhouette;0.7301323413848877;0.8986784140969163;0.3525316536711587;2.5492061649846502;0.9036715357283853;0.45529467242832833;1.9848015047202967
68;12;0;small;False;minmax;umap;{'metric': 'euclidean', 'n_components': 2, 'n_neighbors': 9, 'min_dist': 0.1};hdbscan;;;3;llava1-6_7b;1;silhouette;0.7301323413848877;0.81686595342983;0.6228110922686174;1.311576900272382;0.7143703118831425;1.174610027980107;0.608176064132135
69;12;0;small;False;minmax;umap;{'metric': 'euclidean', 'n_components': 2, 'n_neighbors': 9, 'min_dist': 0.1};hdbscan;;;3;llava1-6_7b;2;silhouette;0.7301323413848877;0.855254877281309;0.5134800320401562;1.665601694931595;0.7301618634030793;1.1160258948325237;0.6542511356884916
70;12;0;small;False;minmax;umap;{'metric': 'euclidean', 'n_components': 2, 'n_neighbors': 9, 'min_dist': 0.1};hdbscan;;;3;llava1-6_13b;1;silhouette;0.7301323413848877;0.8149779735682819;0.6738518574219322;1.209430166529641;0.6273193841294907;1.459310516511477;0.42987352394032663
71;12;0;small;False;minmax;umap;{'metric': 'euclidean', 'n_components': 2, 'n_neighbors': 9, 'min_dist': 0.1};hdbscan;;;3;llava1-6_13b;2;silhouette;0.7301323413848877;0.8212712397734424;0.6559342128319481;1.252061520264584;0.6320568495854718;1.4112845220255419;0.44785894825755374
72;13;136;small;True;;umap;{'metric': 'cosine', 'n_components': 2, 'n_neighbors': 15, 'min_dist': 0.1};hdbscan;;;3;llava1-5_7b;1;silhouette;0.725958526134491;0.8691709844559585;0.4857153751724711;1.7894619759264407;0.8572838531385709;0.7399355409435242;1.1585910489640263
73;13;136;small;True;;umap;{'metric': 'cosine', 'n_components': 2, 'n_neighbors': 15, 'min_dist': 0.1};hdbscan;;;3;llava1-5_7b;2;silhouette;0.725958526134491;0.9073834196891192;0.33214374970058563;2.731891503650402;0.9018949861823924;0.48533684966826873;1.8582828163903617
74;13;136;small;True;;umap;{'metric': 'cosine', 'n_components': 2, 'n_neighbors': 15, 'min_dist': 0.1};hdbscan;;;3;llava1-6_7b;1;silhouette;0.725958526134491;0.8060233160621761;0.6446318896172303;1.2503602112836287;0.7187129885511252;1.1843184108398042;0.606857391657107
75;13;136;small;True;;umap;{'metric': 'cosine', 'n_components': 2, 'n_neighbors': 15, 'min_dist': 0.1};hdbscan;;;3;llava1-6_7b;2;silhouette;0.725958526134491;0.8639896373056994;0.49514426370556147;1.7449215424980247;0.7416107382550335;1.134991250514872;0.6534059927885967
76;13;136;small;True;;umap;{'metric': 'cosine', 'n_components': 2, 'n_neighbors': 15, 'min_dist': 0.1};hdbscan;;;3;llava1-6_13b;1;silhouette;0.725958526134491;0.8286917098445595;0.6450034764258852;1.2847844319415063;0.6225819186735096;1.5045445809090783;0.4138006362674187
77;13;136;small;True;;umap;{'metric': 'cosine', 'n_components': 2, 'n_neighbors': 15, 'min_dist': 0.1};hdbscan;;;3;llava1-6_13b;2;silhouette;0.725958526134491;0.8238341968911918;0.6437492930077037;1.2797418592884944;0.6383734701934465;1.451781386108208;0.43971705146852885
78;14;48;small;True;standard;umap;{'metric': 'cosine', 'n_components': 2, 'n_neighbors': 5, 'min_dist': 0.1};kmeans;;;3;llava1-5_7b;1;silhouette;0.5747920274734497;0.8594551914725622;0.5443469366264058;1.57887103751882;0.8594551914725622;0.5443469366264058;1.57887103751882
79;14;48;small;True;standard;umap;{'metric': 'cosine', 'n_components': 2, 'n_neighbors': 5, 'min_dist': 0.1};kmeans;;;3;llava1-5_7b;2;silhouette;0.5747920274734497;0.9007106198183972;0.37118267054401033;2.4265900989079263;0.9007106198183972;0.37118267054401033;2.4265900989079263
80;14;48;small;True;standard;umap;{'metric': 'cosine', 'n_components': 2, 'n_neighbors': 5, 'min_dist': 0.1};kmeans;;;3;llava1-6_7b;1;silhouette;0.5747920274734497;0.7923410975128307;0.7361380933075572;1.076346990285153;0.7923410975128307;0.7361380933075572;1.076346990285153
81;14;48;small;True;standard;umap;{'metric': 'cosine', 'n_components': 2, 'n_neighbors': 5, 'min_dist': 0.1};kmeans;;;3;llava1-6_7b;2;silhouette;0.5747920274734497;0.8355704697986577;0.625004881747601;1.3369001703828602;0.8355704697986577;0.625004881747601;1.3369001703828602
82;14;48;small;True;standard;umap;{'metric': 'cosine', 'n_components': 2, 'n_neighbors': 5, 'min_dist': 0.1};kmeans;;;3;llava1-6_13b;1;silhouette;0.5747920274734497;0.7662850375049348;0.8949686521132874;0.8562134321487994;0.7662850375049348;0.8949686521132874;0.8562134321487994
83;14;48;small;True;standard;umap;{'metric': 'cosine', 'n_components': 2, 'n_neighbors': 5, 'min_dist': 0.1};kmeans;;;3;llava1-6_13b;2;silhouette;0.5747920274734497;0.7806948282668772;0.856501548440499;0.911491541605275;0.7806948282668772;0.856501548440499;0.911491541605275
84;15;75;small;True;;umap;{'metric': 'cosine', 'n_components': 17, 'n_neighbors': 7, 'min_dist': 0.1};hdbscan;;;3;llava1-5_7b;1;silhouette;0.7186519503593445;0.8451485148514851;0.5810246503437654;1.4545803861696136;0.8464271614686143;0.8310038970164719;1.0185585722870134
85;15;75;small;True;;umap;{'metric': 'cosine', 'n_components': 17, 'n_neighbors': 7, 'min_dist': 0.1};hdbscan;;;3;llava1-5_7b;2;silhouette;0.7186519503593445;0.8918811881188119;0.41675168780747396;2.1400730318284875;0.8930122384524279;0.5731113361593098;1.5581801020667518
86;15;75;small;True;;umap;{'metric': 'cosine', 'n_components': 17, 'n_neighbors': 7, 'min_dist': 0.1};hdbscan;;;3;llava1-6_7b;1;silhouette;0.7186519503593445;0.7885148514851485;0.7417398528092927;1.063059757998636;0.6630477694433478;1.427868455626117;0.46436161711478247
87;15;75;small;True;;umap;{'metric': 'cosine', 'n_components': 17, 'n_neighbors': 7, 'min_dist': 0.1};hdbscan;;;3;llava1-6_7b;2;silhouette;0.7186519503593445;0.855049504950495;0.5639834666516762;1.5160869766978604;0.6841689696012633;1.369149811567957;0.4997031472506307
88;15;75;small;True;;umap;{'metric': 'cosine', 'n_components': 17, 'n_neighbors': 7, 'min_dist': 0.1};hdbscan;;;3;llava1-6_13b;1;silhouette;0.7186519503593445;0.7932673267326733;0.8106928227711658;0.9785042200285625;0.545992893801816;1.7822904599949814;0.3063432138104693
89;15;75;small;True;;umap;{'metric': 'cosine', 'n_components': 17, 'n_neighbors': 7, 'min_dist': 0.1};hdbscan;;;3;llava1-6_13b;2;silhouette;0.7186519503593445;0.8;0.7820814417420296;1.0229100633151416;0.5675088827477299;1.7192901627859072;0.3300830569198932
90;16;155;base;True;;umap;{'metric': 'cosine', 'n_components': 2, 'n_neighbors': 10, 'min_dist': 0.1};hdbscan;;;3;llava1-5_7b;1;silhouette;0.7584189772605896;0.8657171922685656;0.5078617065169929;1.7046283988950446;0.8521515988945914;0.7806757861259472;1.091554935459696
91;16;155;base;True;;umap;{'metric': 'cosine', 'n_components': 2, 'n_neighbors': 10, 'min_dist': 0.1};hdbscan;;;3;llava1-5_7b;2;silhouette;0.7584189772605896;0.9030179721939641;0.3504760566035057;2.5765394772061994;0.8969601263324122;0.5179447601255392;1.7317645888538749
92;16;155;base;True;;umap;{'metric': 'cosine', 'n_components': 2, 'n_neighbors': 10, 'min_dist': 0.1};hdbscan;;;3;llava1-6_7b;1;silhouette;0.7584189772605896;0.7806035944387928;0.7725886610238675;1.010372819905854;0.6950256612712199;1.2680561003776205;0.5481028110360685
93;16;155;base;True;;umap;{'metric': 'cosine', 'n_components': 2, 'n_neighbors': 10, 'min_dist': 0.1};hdbscan;;;3;llava1-6_7b;2;silhouette;0.7584189772605896;0.8372329603255341;0.6226499285639866;1.3446265345760195;0.7220686932491117;1.2124017352160714;0.5955683472789481
94;16;155;base;True;;umap;{'metric': 'cosine', 'n_components': 2, 'n_neighbors': 10, 'min_dist': 0.1};hdbscan;;;3;llava1-6_13b;1;silhouette;0.7584189772605896;0.8040013563919973;0.7649408214608548;1.051062098888185;0.59751283063561;1.5989515956573364;0.37369014707404125
95;16;155;base;True;;umap;{'metric': 'cosine', 'n_components': 2, 'n_neighbors': 10, 'min_dist': 0.1};hdbscan;;;3;llava1-6_13b;2;silhouette;0.7584189772605896;0.800949474398101;0.7496521191676857;1.0684267882288916;0.6186340307935254;1.5454123953459962;0.40030326685179407
96;17;16;base;True;standard;umap;{'metric': 'cosine', 'n_components': 2, 'n_neighbors': 50, 'min_dist': 0.1};hdbscan;;;3;llava1-5_7b;1;silhouette;0.7655496001243591;0.8435650887573964;0.6182155345690612;1.364513955204091;0.8478089222266088;0.8068686719649987;1.0507383678976423
97;17;16;base;True;standard;umap;{'metric': 'cosine', 'n_components': 2, 'n_neighbors': 50, 'min_dist': 0.1};hdbscan;;;3;llava1-5_7b;2;silhouette;0.7655496001243591;0.9053254437869822;0.37601074452009864;2.407705229905633;0.8969601263324122;0.5612586012309876;1.5981198795800489
98;17;16;base;True;standard;umap;{'metric': 'cosine', 'n_components': 2, 'n_neighbors': 50, 'min_dist': 0.1};hdbscan;;;3;llava1-6_7b;1;silhouette;0.7655496001243591;0.7677514792899408;0.8550340428683049;0.8979181446346781;0.6912751677852349;1.3890972550441936;0.4976431042764807
99;17;16;base;True;standard;umap;{'metric': 'cosine', 'n_components': 2, 'n_neighbors': 50, 'min_dist': 0.1};hdbscan;;;3;llava1-6_7b;2;silhouette;0.7655496001243591;0.8028846153846154;0.731626304335177;1.0973956420532847;0.7141729174891434;1.3209462524836952;0.5406521086639366
100;17;16;base;True;standard;umap;{'metric': 'cosine', 'n_components': 2, 'n_neighbors': 50, 'min_dist': 0.1};hdbscan;;;3;llava1-6_13b;1;silhouette;0.7655496001243591;0.7795857988165681;0.8595846075676452;0.9069321216563279;0.5829056454796684;1.7495635769874651;0.3331718378085593
101;17;16;base;True;standard;umap;{'metric': 'cosine', 'n_components': 2, 'n_neighbors': 50, 'min_dist': 0.1};hdbscan;;;3;llava1-6_13b;2;silhouette;0.7655496001243591;0.7888313609467456;0.8414580742452124;0.9374565978200736;0.6127121989735491;1.6745822436239721;0.3658893645965167
102;18;0;base;True;;umap;{'metric': 'euclidean', 'n_components': 2, 'n_neighbors': 5, 'min_dist': 0.1};hdbscan;;;3;llava1-5_7b;1;davies_bouldin;0.377312800710313;0.8544053733702094;0.7704726941807165;1.1089351652410944;0.8541255428345835;0.7710487125824688;1.1077438054854722
103;18;0;base;True;;umap;{'metric': 'euclidean', 'n_components': 2, 'n_neighbors': 5, 'min_dist': 0.1};hdbscan;;;3;llava1-5_7b;2;davies_bouldin;0.377312800710313;0.8992493085736862;0.5073895016844966;1.772302212178291;0.8993288590604027;0.5069888783116703;1.7738595927304557
104;18;0;base;True;;umap;{'metric': 'euclidean', 'n_components': 2, 'n_neighbors': 5, 'min_dist': 0.1};hdbscan;;;3;llava1-6_7b;1;davies_bouldin;0.377312800710313;0.7568154879494271;1.113285553982794;0.6798029539132688;0.757007500986972;1.112406528673688;0.680512745081422
105;18;0;base;True;;umap;{'metric': 'euclidean', 'n_components': 2, 'n_neighbors': 5, 'min_dist': 0.1};hdbscan;;;3;llava1-6_7b;2;davies_bouldin;0.377312800710313;0.8058079810351639;1.0455375694036717;0.7707109088235364;0.8059613106987762;1.0447120363840083;0.7714666924119119
106;18;0;base;True;;umap;{'metric': 'euclidean', 'n_components': 2, 'n_neighbors': 5, 'min_dist': 0.1};hdbscan;;;3;llava1-6_13b;1;davies_bouldin;0.377312800710313;0.645989727380482;1.4739631100530866;0.4382669313143696;0.646269245953415;1.4727993018335421;0.4388030374171238
107;18;0;base;True;;umap;{'metric': 'euclidean', 'n_components': 2, 'n_neighbors': 5, 'min_dist': 0.1};hdbscan;;;3;llava1-6_13b;2;davies_bouldin;0.377312800710313;0.671473725800079;1.4358155031988467;0.46765984671725597;0.6717331227793131;1.4346818154742522;0.46821019638216227
108;19;32;base;True;;umap;{'metric': 'euclidean', 'n_components': 4, 'n_neighbors': 5, 'min_dist': 0.1};hdbscan;range;[50, 300];3;llava1-5_7b;1;silhouette_noise;0.6195411749145894;0.8599609798395838;0.5093071966541641;1.6884883956099446;0.8608369522305567;0.5511828605799582;1.5617963692274661
109;19;32;base;True;;umap;{'metric': 'euclidean', 'n_components': 4, 'n_neighbors': 5, 'min_dist': 0.1};hdbscan;range;[50, 300];3;llava1-5_7b;2;silhouette_noise;0.6195411749145894;0.9039670496423152;0.3542419514926024;2.5518279074670387;0.9054480852743783;0.3752350277341254;2.413009461649925
110;19;32;base;True;;umap;{'metric': 'euclidean', 'n_components': 4, 'n_neighbors': 5, 'min_dist': 0.1};hdbscan;range;[50, 300];3;llava1-6_7b;1;silhouette_noise;0.6195411749145894;0.78690656839367;0.7479407164374661;1.0520961073568647;0.7727990525069088;0.8526819312177886;0.9063146736187262
111;19;32;base;True;;umap;{'metric': 'euclidean', 'n_components': 4, 'n_neighbors': 5, 'min_dist': 0.1};hdbscan;range;[50, 300];3;llava1-6_7b;2;silhouette_noise;0.6195411749145894;0.8358985475829178;0.6076526090132893;1.3756168566829605;0.8132649032767469;0.7415941641219728;1.0966426732833796
112;19;32;base;True;;umap;{'metric': 'euclidean', 'n_components': 4, 'n_neighbors': 5, 'min_dist': 0.1};hdbscan;range;[50, 300];3;llava1-6_13b;1;silhouette_noise;0.6195411749145894;0.7929763711250813;0.7923637794494748;1.000771856210004;0.7463482037110146;0.9920574259166656;0.7523228312096499
113;19;32;base;True;;umap;{'metric': 'euclidean', 'n_components': 4, 'n_neighbors': 5, 'min_dist': 0.1};hdbscan;range;[50, 300];3;llava1-6_13b;2;silhouette_noise;0.6195411749145894;0.8003468458703663;0.7670754222147059;1.0433730234591254;0.7577970785629689;0.950837156525654;0.7969779855406162
114;20;0;base;True;;umap;{'metric': 'euclidean', 'n_components': 2, 'n_neighbors': 5, 'min_dist': 0.1};hdbscan;range;[50, 300];3;llava1-5_7b;1;davies_noise;0.3784754309692369;0.8533359652585867;0.7750917880712502;1.100946852288534;0.8533359652585867;0.7750917880712502;1.100946852288534
115;20;0;base;True;;umap;{'metric': 'euclidean', 'n_components': 2, 'n_neighbors': 5, 'min_dist': 0.1};hdbscan;range;[50, 300];3;llava1-5_7b;2;davies_noise;0.3784754309692369;0.8993288590604027;0.5069888783116704;1.7738595927304552;0.8993288590604027;0.5069888783116704;1.7738595927304552
116;20;0;base;True;;umap;{'metric': 'euclidean', 'n_components': 2, 'n_neighbors': 5, 'min_dist': 0.1};hdbscan;range;[50, 300];3;llava1-6_7b;1;davies_noise;0.3784754309692369;0.757007500986972;1.113468274120664;0.6798638440964622;0.757007500986972;1.113468274120664;0.6798638440964622
117;20;0;base;True;;umap;{'metric': 'euclidean', 'n_components': 2, 'n_neighbors': 5, 'min_dist': 0.1};hdbscan;range;[50, 300];3;llava1-6_7b;2;davies_noise;0.3784754309692369;0.8059613106987762;1.046068361231697;0.7704664151044393;0.8059613106987762;1.046068361231697;0.7704664151044393
118;20;0;base;True;;umap;{'metric': 'euclidean', 'n_components': 2, 'n_neighbors': 5, 'min_dist': 0.1};hdbscan;range;[50, 300];3;llava1-6_13b;1;davies_noise;0.3784754309692369;0.646269245953415;1.4729532601322703;0.43875717219853144;0.646269245953415;1.4729532601322703;0.43875717219853144
119;20;0;base;True;;umap;{'metric': 'euclidean', 'n_components': 2, 'n_neighbors': 5, 'min_dist': 0.1};hdbscan;range;[50, 300];3;llava1-6_13b;2;davies_noise;0.3784754309692369;0.6717331227793131;1.4347767630219228;0.46817921220392467;0.6717331227793131;1.4347767630219228;0.46817921220392467
120;21;0;base;True;standard;umap;{'metric': 'euclidean', 'n_components': 2, 'n_neighbors': 5, 'min_dist': 0.1};hdbscan;;;3;llava1-5_7b;1;davies_bouldin;0.35665624451626554;0.8391235688906435;0.7292953561350495;1.150593392976252;0.8391235688906435;0.7292953561350495;1.150593392976252
121;21;0;base;True;standard;umap;{'metric': 'euclidean', 'n_components': 2, 'n_neighbors': 5, 'min_dist': 0.1};hdbscan;;;3;llava1-5_7b;2;davies_bouldin;0.35665624451626554;0.8904461113304382;0.5023479642590734;1.7725648397499507;0.8904461113304382;0.5023479642590734;1.7725648397499507
122;21;0;base;True;standard;umap;{'metric': 'euclidean', 'n_components': 2, 'n_neighbors': 5, 'min_dist': 0.1};hdbscan;;;3;llava1-6_7b;1;davies_bouldin;0.35665624451626554;0.761744966442953;1.0812108444713362;0.7045288768690949;0.761744966442953;1.0812108444713362;0.7045288768690949
123;21;0;base;True;standard;umap;{'metric': 'euclidean', 'n_components': 2, 'n_neighbors': 5, 'min_dist': 0.1};hdbscan;;;3;llava1-6_7b;2;davies_bouldin;0.35665624451626554;0.8010264508487959;0.9813271038588455;0.81626771688179;0.8010264508487959;0.9813271038588455;0.81626771688179
124;21;0;base;True;standard;umap;{'metric': 'euclidean', 'n_components': 2, 'n_neighbors': 5, 'min_dist': 0.1};hdbscan;;;3;llava1-6_13b;1;davies_bouldin;0.35665624451626554;0.6656138965653375;1.3770182443079821;0.48337298067307716;0.6656138965653375;1.3770182443079821;0.48337298067307716
125;21;0;base;True;standard;umap;{'metric': 'euclidean', 'n_components': 2, 'n_neighbors': 5, 'min_dist': 0.1};hdbscan;;;3;llava1-6_13b;2;davies_bouldin;0.35665624451626554;0.6865377023292538;1.3297979870830903;0.5162717891936225;0.6865377023292538;1.3297979870830903;0.5162717891936225
126;22;60;base;True;standard;umap;{'metric': 'euclidean', 'n_components': 5, 'n_neighbors': 5, 'min_dist': 0.1};hdbscan;;;3;llava1-5_7b;1;silhouette;0.6417472958564758;0.8583040421792618;0.5066799497012708;1.6939733824318854;0.8582708251085669;0.5528578946475725;1.552422930005826
127;22;60;base;True;standard;umap;{'metric': 'euclidean', 'n_components': 5, 'n_neighbors': 5, 'min_dist': 0.1};hdbscan;;;3;llava1-5_7b;2;silhouette;0.6417472958564758;0.9042179261862917;0.34249889029781067;2.6400531848347626;0.9032767469403868;0.379100956768655;2.382674979152394
128;22;60;base;True;standard;umap;{'metric': 'euclidean', 'n_components': 5, 'n_neighbors': 5, 'min_dist': 0.1};hdbscan;;;3;llava1-6_7b;1;silhouette;0.6417472958564758;0.7937170474516696;0.734382255221701;1.0807940429034653;0.7789182787208844;0.8461982527147411;0.9204903883121986
129;22;60;base;True;standard;umap;{'metric': 'euclidean', 'n_components': 5, 'n_neighbors': 5, 'min_dist': 0.1};hdbscan;;;3;llava1-6_7b;2;silhouette;0.6417472958564758;0.836555360281195;0.60121961937752;1.3914282599744021;0.8148440584287406;0.7418723359984382;1.0983600823610893
130;22;60;base;True;standard;umap;{'metric': 'euclidean', 'n_components': 5, 'n_neighbors': 5, 'min_dist': 0.1};hdbscan;;;3;llava1-6_13b;1;silhouette;0.6417472958564758;0.8025043936731108;0.7639021817885997;1.0505315500769747;0.7524674299249902;0.9873258052904845;0.7621260011305014
131;22;60;base;True;standard;umap;{'metric': 'euclidean', 'n_components': 5, 'n_neighbors': 5, 'min_dist': 0.1};hdbscan;;;3;llava1-6_13b;2;silhouette;0.6417472958564758;0.8055799648506151;0.7512429105143651;1.0723281128482585;0.7613501776549546;0.9611853042524037;0.7920942842055176
132;23;0;base;True;standard;umap;{'metric': 'euclidean', 'n_components': 2, 'n_neighbors': 5, 'min_dist': 0.1};hdbscan;range;[60, 300];3;llava1-5_7b;1;davies_noise;0.35202964540400333;0.8391235688906435;0.7433080529574676;1.1289026624281655;0.8391235688906435;0.7433080529574676;1.1289026624281655
133;23;0;base;True;standard;umap;{'metric': 'euclidean', 'n_components': 2, 'n_neighbors': 5, 'min_dist': 0.1};hdbscan;range;[60, 300];3;llava1-5_7b;2;davies_noise;0.35202964540400333;0.8904461113304382;0.5141905484841102;1.7317400761555986;0.8904461113304382;0.5141905484841102;1.7317400761555986
134;23;0;base;True;standard;umap;{'metric': 'euclidean', 'n_components': 2, 'n_neighbors': 5, 'min_dist': 0.1};hdbscan;range;[60, 300];3;llava1-6_7b;1;davies_noise;0.35202964540400333;0.7491117252270035;1.1193159599811604;0.6692579063928524;0.7491117252270035;1.1193159599811604;0.6692579063928524
135;23;0;base;True;standard;umap;{'metric': 'euclidean', 'n_components': 2, 'n_neighbors': 5, 'min_dist': 0.1};hdbscan;range;[60, 300];3;llava1-6_7b;2;davies_noise;0.35202964540400333;0.7923410975128307;1.009336429127373;0.785011111891345;0.7923410975128307;1.009336429127373;0.785011111891345
136;23;0;base;True;standard;umap;{'metric': 'euclidean', 'n_components': 2, 'n_neighbors': 5, 'min_dist': 0.1};hdbscan;range;[60, 300];3;llava1-6_13b;1;davies_noise;0.35202964540400333;0.6644295302013423;1.3904209406916175;0.47786179918222865;0.6644295302013423;1.3904209406916175;0.47786179918222865
137;23;0;base;True;standard;umap;{'metric': 'euclidean', 'n_components': 2, 'n_neighbors': 5, 'min_dist': 0.1};hdbscan;range;[60, 300];3;llava1-6_13b;2;davies_noise;0.35202964540400333;0.6861429135412555;1.3404565381726095;0.5118721734943174;0.6861429135412555;1.3404565381726095;0.5118721734943174
138;24;0;base;True;standard;umap;{'metric': 'euclidean', 'n_components': 2, 'n_neighbors': 5, 'min_dist': 0.1};kmeans;;;3;llava1-5_7b;1;silhouette;0.6333102583885193;0.8594551914725622;0.537495308917443;1.5989973832630924;0.8594551914725622;0.537495308917443;1.5989973832630924
139;24;0;base;True;standard;umap;{'metric': 'euclidean', 'n_components': 2, 'n_neighbors': 5, 'min_dist': 0.1};kmeans;;;3;llava1-5_7b;2;silhouette;0.6333102583885193;0.9020923805763916;0.3693555290049421;2.4423350062517004;0.9020923805763916;0.3693555290049421;2.4423350062517004
140;24;0;base;True;standard;umap;{'metric': 'euclidean', 'n_components': 2, 'n_neighbors': 5, 'min_dist': 0.1};kmeans;;;3;llava1-6_7b;1;silhouette;0.6333102583885193;0.7840505329648638;0.7744814842359035;1.0123541189422767;0.7840505329648638;0.7744814842359035;1.0123541189422767
141;24;0;base;True;standard;umap;{'metric': 'euclidean', 'n_components': 2, 'n_neighbors': 5, 'min_dist': 0.1};kmeans;;;3;llava1-6_7b;2;silhouette;0.6333102583885193;0.8300434267666799;0.6394768130444624;1.2980019163056835;0.8300434267666799;0.6394768130444624;1.2980019163056835
142;24;0;base;True;standard;umap;{'metric': 'euclidean', 'n_components': 2, 'n_neighbors': 5, 'min_dist': 0.1};kmeans;;;3;llava1-6_13b;1;silhouette;0.6333102583885193;0.7676667982629294;0.9127952293055365;0.8410056632759944;0.7676667982629294;0.9127952293055365;0.8410056632759944
143;24;0;base;True;standard;umap;{'metric': 'euclidean', 'n_components': 2, 'n_neighbors': 5, 'min_dist': 0.1};kmeans;;;3;llava1-6_13b;2;silhouette;0.6333102583885193;0.7737860244769048;0.8913457974042099;0.8681088289432722;0.7737860244769048;0.8913457974042099;0.8681088289432722
144;25;0;base;True;standard;umap;{'metric': 'euclidean', 'n_components': 2, 'n_neighbors': 5, 'min_dist': 0.1};kmeans;;;3;llava1-5_7b;1;davies_bouldin;0.45045325227838473;0.855507303592578;0.5669455835587569;1.5089733819763205;0.855507303592578;0.5669455835587569;1.5089733819763205
145;25;0;base;True;standard;umap;{'metric': 'euclidean', 'n_components': 2, 'n_neighbors': 5, 'min_dist': 0.1};kmeans;;;3;llava1-5_7b;2;davies_bouldin;0.45045325227838473;0.901500197394394;0.3832900997754641;2.351998775662942;0.901500197394394;0.3832900997754641;2.351998775662942
146;25;0;base;True;standard;umap;{'metric': 'euclidean', 'n_components': 2, 'n_neighbors': 5, 'min_dist': 0.1};kmeans;;;3;llava1-6_7b;1;davies_bouldin;0.45045325227838473;0.7759573628108962;0.8222916518281286;0.9436510968276084;0.7759573628108962;0.8222916518281286;0.9436510968276084
147;25;0;base;True;standard;umap;{'metric': 'euclidean', 'n_components': 2, 'n_neighbors': 5, 'min_dist': 0.1};kmeans;;;3;llava1-6_7b;2;davies_bouldin;0.45045325227838473;0.8178049743387288;0.6961509395626726;1.1747506942988328;0.8178049743387288;0.6961509395626726;1.1747506942988328
148;25;0;base;True;standard;umap;{'metric': 'euclidean', 'n_components': 2, 'n_neighbors': 5, 'min_dist': 0.1};kmeans;;;3;llava1-6_13b;1;davies_bouldin;0.45045325227838473;0.7534544018949861;0.977612401854069;0.7707079306257877;0.7534544018949861;0.977612401854069;0.7707079306257877
149;25;0;base;True;standard;umap;{'metric': 'euclidean', 'n_components': 2, 'n_neighbors': 5, 'min_dist': 0.1};kmeans;;;3;llava1-6_13b;2;davies_bouldin;0.45045325227838473;0.7629293328069483;0.9587722353786597;0.7957349085841299;0.7629293328069483;0.9587722353786597;0.7957349085841299
150;26;0;base;True;standard;umap;{'metric': 'euclidean', 'n_components': 2, 'n_neighbors': 5, 'min_dist': 0.1};agglomerative;;;3;llava1-5_7b;1;silhouette;0.6310654282569885;0.8582708251085669;0.5298889952011243;1.6197150972491994;0.8582708251085669;0.5298889952011243;1.6197150972491994
151;26;0;base;True;standard;umap;{'metric': 'euclidean', 'n_components': 2, 'n_neighbors': 5, 'min_dist': 0.1};agglomerative;;;3;llava1-5_7b;2;silhouette;0.6310654282569885;0.9038689301223846;0.3653176325680308;2.474193346691845;0.9038689301223846;0.3653176325680308;2.474193346691845
152;26;0;base;True;standard;umap;{'metric': 'euclidean', 'n_components': 2, 'n_neighbors': 5, 'min_dist': 0.1};agglomerative;;;3;llava1-6_7b;1;silhouette;0.6310654282569885;0.780497433872878;0.7943081886408316;0.9826116140094169;0.780497433872878;0.7943081886408316;0.9826116140094169
153;26;0;base;True;standard;umap;{'metric': 'euclidean', 'n_components': 2, 'n_neighbors': 5, 'min_dist': 0.1};agglomerative;;;3;llava1-6_7b;2;silhouette;0.6310654282569885;0.8239242005527043;0.6646155635136854;1.2396985657366009;0.8239242005527043;0.6646155635136854;1.2396985657366009
154;26;0;base;True;standard;umap;{'metric': 'euclidean', 'n_components': 2, 'n_neighbors': 5, 'min_dist': 0.1};agglomerative;;;3;llava1-6_13b;1;silhouette;0.6310654282569885;0.7627319384129491;0.9165540871679891;0.8321725001490861;0.7627319384129491;0.9165540871679891;0.8321725001490861
155;26;0;base;True;standard;umap;{'metric': 'euclidean', 'n_components': 2, 'n_neighbors': 5, 'min_dist': 0.1};agglomerative;;;3;llava1-6_13b;2;silhouette;0.6310654282569885;0.7700355309909198;0.8909262741312111;0.8643079557103255;0.7700355309909198;0.8909262741312111;0.8643079557103255
156;27;0;base;True;standard;umap;{'metric': 'euclidean', 'n_components': 2, 'n_neighbors': 5, 'min_dist': 0.1};agglomerative;;;3;llava1-5_7b;1;davies_bouldin;0.35407386449141454;0.8391235688906435;0.7288316931702566;1.1513253682963187;0.8391235688906435;0.7288316931702566;1.1513253682963187
157;27;0;base;True;standard;umap;{'metric': 'euclidean', 'n_components': 2, 'n_neighbors': 5, 'min_dist': 0.1};agglomerative;;;3;llava1-5_7b;2;davies_bouldin;0.35407386449141454;0.8904461113304382;0.5020633269203819;1.7735697670303636;0.8904461113304382;0.5020633269203819;1.7735697670303636
158;27;0;base;True;standard;umap;{'metric': 'euclidean', 'n_components': 2, 'n_neighbors': 5, 'min_dist': 0.1};agglomerative;;;3;llava1-6_7b;1;davies_bouldin;0.35407386449141454;0.761744966442953;1.0809877858581565;0.7046742541720562;0.761744966442953;1.0809877858581565;0.7046742541720562
159;27;0;base;True;standard;umap;{'metric': 'euclidean', 'n_components': 2, 'n_neighbors': 5, 'min_dist': 0.1};agglomerative;;;3;llava1-6_7b;2;davies_bouldin;0.35407386449141454;0.8012238452427951;0.9819522334119953;0.8159490879812887;0.8012238452427951;0.9819522334119953;0.8159490879812887
160;27;0;base;True;standard;umap;{'metric': 'euclidean', 'n_components': 2, 'n_neighbors': 5, 'min_dist': 0.1};agglomerative;;;3;llava1-6_13b;1;davies_bouldin;0.35407386449141454;0.6656138965653375;1.3757064436183926;0.48383389917164116;0.6656138965653375;1.3757064436183926;0.48383389917164116
161;27;0;base;True;standard;umap;{'metric': 'euclidean', 'n_components': 2, 'n_neighbors': 5, 'min_dist': 0.1};agglomerative;;;3;llava1-6_13b;2;davies_bouldin;0.35407386449141454;0.6865377023292538;1.3279102136993781;0.5170057269240571;0.6865377023292538;1.3279102136993781;0.5170057269240571
162;28;60;base;True;;umap;{'metric': 'euclidean', 'n_components': 5, 'n_neighbors': 5, 'min_dist': 0.1};hdbscan;;;3;llava1-5_7b;1;silhouette;0.6402473449707031;0.8656392446277404;0.4830194028729668;1.7921380535459523;0.8681405448085274;0.5170632060834606;1.6789801626075016
163;28;60;base;True;;umap;{'metric': 'euclidean', 'n_components': 5, 'n_neighbors': 5, 'min_dist': 0.1};hdbscan;;;3;llava1-5_7b;2;silhouette;0.6402473449707031;0.9066637725200781;0.33495090248324066;2.7068476572257807;0.9088037899723648;0.35184223378768925;2.582979300721068
164;28;60;base;True;;umap;{'metric': 'euclidean', 'n_components': 5, 'n_neighbors': 5, 'min_dist': 0.1};hdbscan;;;3;llava1-6_7b;1;silhouette;0.6402473449707031;0.7970479704797048;0.6964151342424728;1.1444995761717873;0.7812870114488748;0.8053292423816679;0.9701448801156553
165;28;60;base;True;;umap;{'metric': 'euclidean', 'n_components': 5, 'n_neighbors': 5, 'min_dist': 0.1};hdbscan;;;3;llava1-6_7b;2;silhouette;0.6402473449707031;0.8432819622313871;0.5643770103535057;1.4941793386017752;0.8197789182787208;0.7011361076586153;1.1692134239140461
166;28;60;base;True;;umap;{'metric': 'euclidean', 'n_components': 5, 'n_neighbors': 5, 'min_dist': 0.1};hdbscan;;;3;llava1-6_13b;1;silhouette;0.6402473449707031;0.8037768612980247;0.7405547269359596;1.085369854100841;0.7536517962889854;0.9493855666002856;0.7938302718857521
167;28;60;base;True;;umap;{'metric': 'euclidean', 'n_components': 5, 'n_neighbors': 5, 'min_dist': 0.1};hdbscan;;;3;llava1-6_13b;2;silhouette;0.6402473449707031;0.8109398741046234;0.7145517147877511;1.1348916004685572;0.7652980655349388;0.9116057773529334;0.8395045808645295
168;29;0;base;True;;umap;{'metric': 'euclidean', 'n_components': 2, 'n_neighbors': 5, 'min_dist': 0.1};hdbscan;;;3;llava1-5_7b;1;davies_bouldin;0.38204397489195824;0.8533359652585867;0.7819069819692965;1.0913508813522956;0.8533359652585867;0.7819069819692965;1.0913508813522956
169;29;0;base;True;;umap;{'metric': 'euclidean', 'n_components': 2, 'n_neighbors': 5, 'min_dist': 0.1};hdbscan;;;3;llava1-5_7b;2;davies_bouldin;0.38204397489195824;0.8993288590604027;0.5142150046757998;1.748932065285301;0.8993288590604027;0.5142150046757998;1.748932065285301
170;29;0;base;True;;umap;{'metric': 'euclidean', 'n_components': 2, 'n_neighbors': 5, 'min_dist': 0.1};hdbscan;;;3;llava1-6_7b;1;davies_bouldin;0.38204397489195824;0.7493091196210028;1.139508229012722;0.6575717866455623;0.7493091196210028;1.139508229012722;0.6575717866455623
171;29;0;base;True;;umap;{'metric': 'euclidean', 'n_components': 2, 'n_neighbors': 5, 'min_dist': 0.1};hdbscan;;;3;llava1-6_7b;2;davies_bouldin;0.38204397489195824;0.7986577181208053;1.076248654758145;0.7420747728836948;0.7986577181208053;1.076248654758145;0.7420747728836948
172;29;0;base;True;;umap;{'metric': 'euclidean', 'n_components': 2, 'n_neighbors': 5, 'min_dist': 0.1};hdbscan;;;3;llava1-6_13b;1;davies_bouldin;0.38204397489195824;0.644492696407422;1.4966072482814883;0.4306355368196549;0.644492696407422;1.4966072482814883;0.4306355368196549
173;29;0;base;True;;umap;{'metric': 'euclidean', 'n_components': 2, 'n_neighbors': 5, 'min_dist': 0.1};hdbscan;;;3;llava1-6_13b;2;davies_bouldin;0.38204397489195824;0.6699565732333201;1.4582506323063797;0.4594245316727078;0.6699565732333201;1.4582506323063797;0.4594245316727078
174;30;0;small;True;standard;umap;{'metric': 'euclidean', 'n_components': 2, 'n_neighbors': 5, 'min_dist': 0.1};kmeans;;;3;llava1-5_7b;1;davies_bouldin;0.5508877640254449;0.8606395578365574;0.5335060521191342;1.613173723605013;0.8606395578365574;0.5335060521191342;1.613173723605013
175;30;0;small;True;standard;umap;{'metric': 'euclidean', 'n_components': 2, 'n_neighbors': 5, 'min_dist': 0.1};kmeans;;;3;llava1-5_7b;2;davies_bouldin;0.5508877640254449;0.9038689301223846;0.3676968935007244;2.458183596095592;0.9038689301223846;0.3676968935007244;2.458183596095592
176;30;0;small;True;standard;umap;{'metric': 'euclidean', 'n_components': 2, 'n_neighbors': 5, 'min_dist': 0.1};kmeans;;;3;llava1-6_7b;1;davies_bouldin;0.5508877640254449;0.7931306750888275;0.7277445907125825;1.0898460742472136;0.7931306750888275;0.7277445907125825;1.0898460742472136
177;30;0;small;True;standard;umap;{'metric': 'euclidean', 'n_components': 2, 'n_neighbors': 5, 'min_dist': 0.1};kmeans;;;3;llava1-6_7b;2;davies_bouldin;0.5508877640254449;0.8365574417686538;0.6160634522286276;1.3579057170761721;0.8365574417686538;0.6160634522286276;1.3579057170761721
178;30;0;small;True;standard;umap;{'metric': 'euclidean', 'n_components': 2, 'n_neighbors': 5, 'min_dist': 0.1};kmeans;;;3;llava1-6_13b;1;davies_bouldin;0.5508877640254449;0.7684563758389261;0.8941801652533687;0.8593967371491009;0.7684563758389261;0.8941801652533687;0.8593967371491009
179;30;0;small;True;standard;umap;{'metric': 'euclidean', 'n_components': 2, 'n_neighbors': 5, 'min_dist': 0.1};kmeans;;;3;llava1-6_13b;2;davies_bouldin;0.5508877640254449;0.7771417291748914;0.8634353975919419;0.9000567167915092;0.7771417291748914;0.8634353975919419;0.9000567167915092
180;31;0;small;True;standard;umap;{'metric': 'euclidean', 'n_components': 2, 'n_neighbors': 5, 'min_dist': 0.1};agglomerative;;;3;llava1-5_7b;1;davies_bouldin;0.5164927695746697;0.8472167390446111;0.6727002331439744;1.2594249828932396;0.8472167390446111;0.6727002331439744;1.2594249828932396
181;31;0;small;True;standard;umap;{'metric': 'euclidean', 'n_components': 2, 'n_neighbors': 5, 'min_dist': 0.1};agglomerative;;;3;llava1-5_7b;2;davies_bouldin;0.5164927695746697;0.8983418870904066;0.46040149078040005;1.9512098763142711;0.8983418870904066;0.46040149078040005;1.9512098763142711
182;31;0;small;True;standard;umap;{'metric': 'euclidean', 'n_components': 2, 'n_neighbors': 5, 'min_dist': 0.1};agglomerative;;;3;llava1-6_7b;1;davies_bouldin;0.5164927695746697;0.7714172917489144;0.9134690191798313;0.8444910895286302;0.7714172917489144;0.9134690191798313;0.8444910895286302
183;31;0;small;True;standard;umap;{'metric': 'euclidean', 'n_components': 2, 'n_neighbors': 5, 'min_dist': 0.1};agglomerative;;;3;llava1-6_7b;2;davies_bouldin;0.5164927695746697;0.8083300434267667;0.8057726125098952;1.0031726416417492;0.8083300434267667;0.8057726125098952;1.0031726416417492
184;31;0;small;True;standard;umap;{'metric': 'euclidean', 'n_components': 2, 'n_neighbors': 5, 'min_dist': 0.1};agglomerative;;;3;llava1-6_13b;1;davies_bouldin;0.5164927695746697;0.7068693249111725;1.1859035632591142;0.5960591997121147;0.7068693249111725;1.1859035632591142;0.5960591997121147
185;31;0;small;True;standard;umap;{'metric': 'euclidean', 'n_components': 2, 'n_neighbors': 5, 'min_dist': 0.1};agglomerative;;;3;llava1-6_13b;2;davies_bouldin;0.5164927695746697;0.7191077773391236;1.144521248286213;0.628303886985074;0.7191077773391236;1.144521248286213;0.628303886985074
