;scaler;dim_reduction;dimension;n_clusters;best_params;centers;best_value;best_original_value
0;standard;umap;3;5;{'n_clusters': 5, 'linkage': 'average', 'metric': 'manhattan'};"[[13.113662   2.507591   7.7550316]
 [11.678215   1.9652036 12.0123415]
 [ 6.7679863  1.6859009 11.45329  ]
 [11.228403   5.1734586  6.544164 ]
 [10.547203   0.8309279  9.625344 ]]";0.5963090954482727;0.5963090954482727
1;standard;umap;4;4;{'n_clusters': 4, 'linkage': 'average', 'metric': 'euclidean'};"[[10.09794    -0.03515795 10.21212     6.4333854 ]
 [11.2233305   1.52302     6.6452985   8.645607  ]
 [ 6.3098855   0.33351353  9.30151     4.6243124 ]
 [ 9.069841    1.2241254   7.5545597  10.629752  ]]";0.6177114597973761;0.6177114597973761
2;standard;umap;5;5;{'n_clusters': 5, 'linkage': 'average', 'metric': 'manhattan'};"[[10.389285   -0.11846742 12.513337    9.507792    4.873522  ]
 [10.192925    1.8595566   8.506975   10.926684    5.9390454 ]
 [ 6.2521143  -0.31442267 11.993471    7.451113    5.005612  ]
 [ 8.415205    0.78104526  9.312892   12.961238    4.877867  ]
 [ 8.861722   -0.17968667 10.483278    8.840747    6.0514913 ]]";0.6109592130648962;0.6109592130648962
3;standard;umap;6;6;{'n_clusters': 6, 'linkage': 'average', 'metric': 'euclidean'};"[[10.718203   1.3702338  7.577254   8.961844   4.839625   3.464837 ]
 [ 8.94479   -0.755889   8.133518   7.498646   5.7362213  5.1092477]
 [ 6.0587397 -0.8799395  9.270462   6.156864   5.989457   5.246812 ]
 [ 8.476523   2.6563761  6.217681   9.995756   3.1582763  4.380925 ]
 [10.196563  -1.3288953  8.261117   8.760677   7.2982345  6.7246146]
 [ 8.858722   0.5623344  9.009582   7.901034   7.4160104  7.176197 ]]";0.5908566692192739;0.5908566692192739
4;standard;umap;7;7;{'n_clusters': 7, 'linkage': 'average', 'metric': 'manhattan'};"[[10.109374    1.5416231   8.299691    8.091099    6.1592016   2.7235997
   8.901081  ]
 [ 9.290517    0.284131   10.508343    9.109794    6.0135684   6.5227284
   6.5520487 ]
 [ 8.212237    0.07674074  9.1585455   7.7276616   5.352138    4.904593
   7.4595394 ]
 [ 5.5120645  -0.17550088 10.009035    7.2413945   4.273684    5.057344
   6.906457  ]
 [ 9.06259     1.4882988   5.6709003   8.147395    5.856529    3.6696787
   8.564337  ]
 [ 8.427779    1.5998615   9.689393    7.900708    4.9663606   5.6045985
   5.184285  ]
 [10.462423    1.0465584  10.057284    9.44595     6.639936    5.244575
   7.551317  ]]";0.5855747167201698;0.5855747167201698
5;standard;umap;8;5;{'n_clusters': 5, 'linkage': 'ward', 'metric': 'cosine'};"[[10.342981    0.8661554   9.465818    3.2848103   4.5237455   5.4717746
   7.6966343   6.243202  ]
 [10.218407    0.296294    8.628683    0.59118515  4.8791256   5.057547
   8.521781    2.16549   ]
 [ 5.939014    0.6200537   8.556091    2.06915     5.000104    6.9951825
   7.817531    1.2971197 ]
 [ 8.910675    0.58360803  8.658014    2.613297    5.3003597   6.3849072
   8.377032    3.125315  ]
 [ 8.646244    2.2637742   8.443122    0.8101311   4.2004952   4.440633
   8.802947    2.5475318 ]]";0.5732140673661211;0.5732140673661211
6;standard;umap;9;6;{'n_clusters': 6, 'linkage': 'average', 'metric': 'euclidean'};"[[10.62729     2.2239802   7.2463756   2.3342056   4.557405    5.7924933
   7.0136576   6.0269766   3.3291826 ]
 [10.539991    0.04662506  8.556552    1.7622961   2.7820477   6.29404
   8.4214735   4.3170185   0.14124493]
 [ 6.3496194  -0.58186144  9.518201    2.775085    4.676196    6.9000506
   8.106022    3.547692    2.515454  ]
 [ 8.902613    1.4883275   6.59993     1.7299955   3.7098515   4.537357
   6.5774856   4.896604    4.5816627 ]
 [ 9.2160225   0.21766295  8.750914    2.3293128   3.9510298   6.897202
   7.6885066   5.066189    2.0054536 ]
 [ 9.13822     0.78928363  8.492129    1.1182535   3.9089477   6.0519743
   9.086569    3.0507777   0.89107376]]";0.6016983389111586;0.6016983389111586
7;standard;umap;10;5;{'n_clusters': 5, 'linkage': 'average', 'metric': 'manhattan'};"[[ 9.91928    -0.2766561   8.148931    1.9157398   4.22851     5.9118533
   7.433389    1.6480709   2.0362735   4.069627  ]
 [ 5.963159    0.43409163  8.690776    2.497072    4.1704707   6.7744975
   6.976461    2.4818497   3.2036805   3.1002152 ]
 [10.489662    1.5239104   8.248856    1.9837545   5.281733    6.518776
   6.7057023   5.505404    3.4879115   5.7110577 ]
 [11.964872    3.1446378   8.558796   -0.51082534  3.0124798   7.914904
   9.20122     5.65127     5.248999    4.283468  ]
 [ 8.838682   -0.01651151  8.709097    3.179795    4.5058823   6.5610623
   7.1020436   3.5404704   3.045811    4.6504693 ]]";0.5739449303359352;0.5739449303359352
8;standard;umap;11;5;{'n_clusters': 5, 'linkage': 'ward', 'metric': 'euclidean'};"[[10.184611    1.334606    8.603866    1.8376861   4.161174    5.5984178
   9.525022    4.7983527   1.9646034   4.9670033   5.785579  ]
 [ 9.239027    0.4032149   7.5969076   0.90665644  6.4509974   6.584319
   9.373446    2.437211    4.132447    3.7783198   3.8774033 ]
 [ 5.3945427   0.17174228  8.26623     3.1672816   5.951641    5.7830787
   8.076977    2.4978447   3.5412483   4.2700987   4.6441226 ]
 [ 8.320178    0.13310821  8.183153    2.4300323   5.5407405   5.778465
   8.743175    3.5088856   2.8922486   4.591592    4.620593  ]
 [ 8.180703    1.8889835   7.6323366   1.244503    5.2338533   7.276328
   8.240938    2.5830383   3.9903522   3.293451    4.401201  ]]";0.5890463830687869;0.5890463830687869
9;standard;umap;12;4;{'n_clusters': 4, 'linkage': 'average', 'metric': 'cosine'};"[[ 9.004134    0.84070617  8.923148    0.3140386   4.8067527   7.3622355
   9.00274     2.9330537   3.2478385   6.3916407   5.087009    5.161689  ]
 [10.558135    1.6017891   8.613664    1.765358    6.6666274   6.542498
   8.837296    5.1500516   3.2800128   5.893625    7.3715286   3.537185  ]
 [ 5.6332245   0.38599893  7.623202    1.9431562   3.7564466   7.5824237
   7.7236905   3.379163    3.862179    6.021289    4.9772854   4.313987  ]
 [ 8.450015    0.6089056   7.509239    0.6474251   7.3523736   5.436636
   7.528087    6.0621805   4.0128765   6.0426064   9.236774    2.567829  ]]";0.5761226045192228;0.5761226045192228
10;standard;umap;13;6;{'n_clusters': 6, 'linkage': 'average', 'metric': 'euclidean'};"[[10.398793    2.147404    7.978179    7.597742    6.572248    6.2387238
   7.238458    5.156088    2.5073538   5.899918    3.6241317   3.5467498
   2.7804916 ]
 [10.17259     0.8594912   8.359832    8.352386    3.9824312   7.039783
   6.860476    6.9228425   2.866242    8.291383    2.1172025   5.8853483
   1.9893961 ]
 [ 6.1234875  -0.3205903   9.380622    7.0769043   3.2580209   6.763296
   7.8359113   6.0619655   3.299162    7.2500544   3.1431346   4.412459
   2.1465673 ]
 [ 8.964202    0.3453358   8.420515    7.5664043   4.4459715   6.78302
   7.145186    5.764625    3.1324267   7.1331344   3.1389422   4.5647964
   2.1892774 ]
 [ 9.216076    0.46762815  7.8278327   8.919617    7.295044    6.1431594
   7.28273     4.6389246   2.5958047   5.532866    3.9503446   3.2213256
   3.426061  ]
 [ 8.167543    1.50927     7.9881587   8.487207    4.196281    6.8668714
   6.646763    7.7348266   2.889183    7.6816325   2.9671726   5.686821
   2.439194  ]]";0.6124568816915247;0.6124568816915247
11;standard;umap;14;5;{'n_clusters': 5, 'linkage': 'average', 'metric': 'cosine'};"[[11.439643    1.4784944   7.670404    8.168882    5.909836    3.8020356
   8.619971    5.2088227   6.7968755   4.004245    2.9033525   4.7580476
   2.1160498   5.8873215 ]
 [10.801626    1.0428399   7.574162    8.603124    3.9579446   2.9835725
   7.3422823   5.590712    8.101008    6.6997876   4.5886836   3.734246
   4.5152526   5.4905634 ]
 [ 7.094178    0.02225746  8.617781    7.829746    4.012325    3.1946025
   8.185141    5.584731    7.8735695   5.3845086   4.714166    3.890492
   3.630645    5.8388047 ]
 [ 9.883128    0.6333826   8.087361    9.243809    7.1276712   4.3181577
   7.4811587   5.075823    7.6237216   2.7951806   2.612095    4.582268
   3.1811547   5.6394987 ]
 [ 9.945377    0.21885863  8.173948    7.7868767   4.3597536   2.8556583
   8.484673    5.319028    7.729055    5.092827    3.6464076   4.304648
   3.6004126   5.9100957 ]]";0.5985560729096163;0.5985560729096163
12;minmax;umap;3;4;{'n_clusters': 4, 'linkage': 'ward', 'metric': 'euclidean'};"[[-0.6440981  10.891224    0.91922987]
 [ 5.6483827  10.919447    2.629447  ]
 [ 3.8596644  10.728565   -1.6492637 ]
 [ 2.5981615   9.739835    1.2195647 ]]";0.600385678408327;0.600385678408327
13;minmax;umap;4;5;{'n_clusters': 5, 'linkage': 'average', 'metric': 'euclidean'};"[[-0.31518942  8.666875    2.2773304   4.112153  ]
 [-0.79131246  8.3552265  -0.57439387 -0.05441706]
 [ 2.591508   10.62021     1.3405837  -1.6403319 ]
 [ 2.34207     7.198397    2.1438985   5.409034  ]
 [ 0.14600119  9.323718    2.2020695   0.6234921 ]]";0.5891368004035362;0.5891368004035362
14;minmax;umap;5;6;{'n_clusters': 6, 'linkage': 'average', 'metric': 'manhattan'};"[[ 0.189026    8.118623    2.178179    0.90199447  1.928059  ]
 [ 5.086629    9.928907    3.143094   -0.76860625  5.978352  ]
 [ 2.3332794  10.207346    0.5852006  -3.1615605   3.4085634 ]
 [ 2.517144   10.369841    2.7195437  -0.3994207   3.3802984 ]
 [ 2.7138758   9.172357    0.20044607 -1.0495197   4.581873  ]
 [ 4.5956717   9.751428    2.1907027  -2.784103    4.617484  ]]";0.5380076980245071;0.5380076980245071
15;minmax;umap;6;4;{'n_clusters': 4, 'linkage': 'ward', 'metric': 'euclidean'};"[[-0.8790687   9.830566    0.37610537  1.4318829   6.5075245   4.8124986 ]
 [ 1.0981631   9.139459    1.2400935   2.4993691   2.2996616   6.323885  ]
 [ 1.8123263  11.231881    2.9058647  -0.16147219  7.4113474   6.6992655 ]
 [ 0.15416263 10.312759    2.5383544   1.4077004   5.1299767   6.4784923 ]]";0.5952319213344356;0.5952319213344356
16;minmax;umap;7;5;{'n_clusters': 5, 'linkage': 'ward', 'metric': 'cosine'};"[[-0.14725819  7.8839374   2.871067    2.2144794   2.659577    2.4547458
   0.6623068 ]
 [-0.8302667   9.701471   -0.23392868  2.2773836   6.3614364   3.0336492
   2.3283951 ]
 [ 2.8331165  10.564244    2.793768    2.1251633   6.775739    4.059976
   3.0598578 ]
 [ 0.29090035  9.819689    2.5063767   1.8136578   5.219506    2.5863428
   2.3171904 ]
 [ 0.82048124  8.943248   -0.11687373  1.3563324   5.62912     4.4327087
   2.7995245 ]]";0.5962456199997115;0.5962456199997115
17;minmax;umap;8;6;{'n_clusters': 6, 'linkage': 'average', 'metric': 'cosine'};"[[10.194905    2.834606    8.046967    7.365291    4.362243    5.986211
   8.4691515   4.1210346 ]
 [ 8.405422    0.05376086 10.194276    6.6964817   6.329139    5.914331
   9.800955    6.7390575 ]
 [ 6.0430865   0.1093488   7.124721    8.273598    5.837321    7.579257
   7.911181    6.4648414 ]
 [ 8.865976    3.7768822   7.0614095   7.930095    3.3506546   7.6908264
  10.319021    3.1275394 ]
 [ 8.774799    0.4050693   7.712851    7.370217    5.533373    6.787056
   8.611723    5.5102196 ]
 [ 9.839122    0.95747334 10.399075    6.51156     5.2802653   5.592015
  10.051487    5.018958  ]]";0.5577879532209035;0.5577879532209035
18;minmax;umap;9;5;{'n_clusters': 5, 'linkage': 'average', 'metric': 'cosine'};"[[10.220005    2.276422    8.920675    7.8152256   3.9592743   5.3626776
   7.6213183   5.3008566   6.4955997 ]
 [10.91631    -0.7602362   7.730562    9.85264     5.5944314   6.118895
   7.751856    2.6409123   4.7509775 ]
 [ 7.402138   -0.3591573   6.0339665   9.168678    7.251274    7.139159
   6.972023    3.6998131   5.6214185 ]
 [ 9.9342575   1.440659   10.504105    6.1750875   5.357316    5.254574
   6.086528    5.0781107   6.287737  ]
 [ 9.528209    0.28565615  7.156406    8.675364    5.405845    6.490318
   6.558043    4.6350555   5.6673765 ]]";0.5634946945640898;0.5634946945640898
19;minmax;umap;10;4;{'n_clusters': 4, 'linkage': 'complete', 'metric': 'euclidean'};"[[ 9.83443     2.2020082   8.070709    8.707313    3.2804444   6.8913264
   9.18571     5.16376     4.668782    3.0383916 ]
 [ 6.786502   -1.384673    6.9745493   9.167133    6.206136    6.587173
   7.403679    4.049365    3.6463287   2.1428978 ]
 [ 9.385072    0.15940349 10.181431    9.486551    5.2070103   5.2317796
   7.5290675   2.929761    4.052506    1.57147   ]
 [ 9.046224   -0.24230412  7.919291    9.632198    5.0706897   6.281411
   7.670395    4.7626324   3.781195    2.2352762 ]]";0.584141461124432;0.584141461124432
20;minmax;umap;11;5;{'n_clusters': 5, 'linkage': 'average', 'metric': 'euclidean'};"[[ 9.895183    1.6431856   8.5303755   7.3623304   4.9917607   5.6905513
   8.441056    5.0144258   7.0185103   3.3713887   6.1458907 ]
 [ 5.8587413  -0.07931633  6.675767   10.031412    4.455235    6.867983
   8.549633    3.2664664   4.97046     2.2563097   5.7610264 ]
 [ 9.196419   -0.6542631   9.5723505   9.635335    4.1098366   6.736709
   7.8936505   2.5158548   5.34177     1.844659    5.5107923 ]
 [ 8.305721    0.22590756  8.770872    5.5850067   3.6100175   4.958431
   9.537232    6.189599    7.8908443   2.1409733   6.684372  ]
 [ 8.517598    0.7012853   7.659977    9.049429    4.779524    6.6124606
   9.054016    4.0621796   5.5953035   2.47391     5.8906903 ]]";0.5684975367205385;0.5684975367205385
21;minmax;umap;12;7;{'n_clusters': 7, 'linkage': 'average', 'metric': 'cosine'};"[[10.818722    2.5924714   6.962849    7.74239     5.8225636   4.4471784
   7.3869452   5.044804    4.3010983   2.5326874   3.6000814   4.989353  ]
 [ 6.951287   -0.901644    6.6911187   8.506042    4.6988444   6.949889
   8.398635    5.1203876   4.276591    1.6996644   4.385048    3.4755387 ]
 [10.269963   -0.12668209  9.619205    9.411609    4.5234766   5.360972
   7.535873    5.540359    4.481722    1.7392333   3.9490576   2.456449  ]
 [ 9.832593    2.6182413   7.544236    6.7410583   6.7404385   5.6856585
   8.37943     4.5424705   5.549053    3.4880033   4.6124344   5.6905093 ]
 [ 9.613791    0.338375    7.291158    8.240786    4.7325234   6.158906
   7.540744    4.952332    4.6551037   1.7102367   3.7084346   3.9446924 ]
 [ 8.665162    0.39363527  9.136415    8.905077    4.839487    5.369015
   7.490808    6.429743    4.4053607   2.9307442   3.5172598   2.6604548 ]
 [ 7.9599376  -0.43759918  7.6886797   9.862588    4.2325597   6.274337
   8.238263    5.0619845   4.4120297   1.8626469   4.430293    2.5704408 ]]";0.5824296290549105;0.5824296290549105
22;minmax;umap;13;5;{'n_clusters': 5, 'linkage': 'average', 'metric': 'manhattan'};"[[9.705527   0.5474116  8.279144   9.728687   7.213637   7.3804693
  5.998842   5.1415515  3.496815   3.7668238  1.851485   4.0930214
  6.593698  ]
 [9.8277235  2.694462   8.493683   8.050497   5.973737   6.2396355
  8.989568   3.4607766  2.7272727  1.8596027  1.8430701  5.425279
  6.358047  ]
 [6.158342   0.23904029 6.580078   8.822271   5.3837886  6.327006
  6.3528247  5.6237674  4.127694   3.0227826  2.9749844  3.9960513
  5.75466   ]
 [9.519041   1.3291082  9.117428   6.678664   4.581124   7.029187
  9.574971   2.767721   1.7632577  1.7482315  0.5510097  5.532137
  5.45314   ]
 [8.6627     1.1196662  7.005318   8.603119   6.285784   6.6275973
  7.3334765  4.343892   3.4247818  2.7123692  2.4473119  4.689067
  6.3554235 ]]";0.5770037211792417;0.5770037211792417
23;minmax;umap;14;4;{'n_clusters': 4, 'linkage': 'average', 'metric': 'euclidean'};"[[ 8.984942   -0.46672633  9.541147    9.757188    6.1544433   6.7702475
   9.106243    6.3677435   4.660224    1.3533926   3.796417    4.6518574
   7.3979406   6.9217114 ]
 [10.236489    2.8174891   8.209556    7.826679    6.973538    5.7585044
   7.924274    5.594249    4.353112    1.6396368   3.1052964   3.6613579
   7.056063    4.9791036 ]
 [ 5.753384    0.40333244  7.3284807   9.71572     4.4965796   6.639075
   8.533265    5.379959    4.435631    2.204553    4.399617    4.367408
   6.422757    6.119891  ]
 [ 8.469686    0.6210661   7.6771746   9.055193    5.7069664   6.396274
   8.379713    5.4313507   4.451912    1.8331108   3.7204523   4.1382527
   6.655715    5.445201  ]]";0.6055822028940637;0.6055822028940637
24;robust;umap;3;5;{'n_clusters': 5, 'linkage': 'average', 'metric': 'manhattan'};"[[ 8.595914    1.3854687  12.896816  ]
 [ 4.137384    0.61888945 11.972432  ]
 [10.072163    0.14610255  8.523183  ]
 [12.268101    4.668534    7.202769  ]
 [ 7.650535   -0.51790464 10.9141445 ]]";0.5726762864511109;0.5726762864511109
25;robust;umap;4;5;{'n_clusters': 5, 'linkage': 'complete', 'metric': 'euclidean'};"[[ 9.342719    0.56335455  8.607629   10.864846  ]
 [ 9.195909    0.498723   12.646625    8.195397  ]
 [ 4.656294    0.5587899  10.677597    6.9384136 ]
 [ 7.663052   -0.5835288  10.611423    8.860259  ]
 [ 6.2920713  -0.32928613  7.5674415  12.340374  ]]";0.5917021802989372;0.5917021802989372
26;robust;umap;5;7;{'n_clusters': 7, 'linkage': 'average', 'metric': 'euclidean'};"[[11.044314    1.4867088   7.062689    9.768502    4.8299384 ]
 [10.033249    1.0137463  11.530505   10.151162    6.122072  ]
 [ 5.621815    0.70506674 10.618374    8.685464    5.098084  ]
 [ 9.041368   -0.12049499  6.392303   10.600094    2.8749259 ]
 [ 9.021992    0.18939655  9.420603    9.071281    4.8706865 ]
 [ 8.873235    2.6412375  11.271161    8.902269    4.998581  ]
 [11.258587    1.4582876  10.046812   11.205817    5.5577583 ]]";0.5597766268090066;0.5597766268090066
27;robust;umap;6;4;{'n_clusters': 4, 'linkage': 'average', 'metric': 'cosine'};"[[ 9.011717   0.6915771 12.332954   7.787913   5.7553177  1.57222  ]
 [10.211091   1.0768759  8.448304   7.3860917  6.9333205  2.0657353]
 [ 8.450575   1.5664251  5.52815   10.228991   6.719901   1.6020613]
 [ 6.368356  -0.9503923 11.3594265  6.5339794  4.1115165  3.8033338]]";0.6038939750233252;0.6038939750233252
28;robust;umap;7;4;{'n_clusters': 4, 'linkage': 'single', 'metric': 'manhattan'};"[[ 8.629458    0.10280508 10.038899   11.0837555   2.7549753   4.127081
   0.9521772 ]
 [10.595872    0.45549127 10.360079    8.647311    5.8339653   3.3284862
   1.9576238 ]
 [ 5.5601096  -0.456223    9.503911    9.410917    3.0584702   2.6388426
   2.4197571 ]
 [10.5009575   1.859215   10.348923    9.497397    6.8194385   1.7244079
   4.205196  ]]";0.6034438288116584;0.6034438288116584
29;robust;umap;8;6;{'n_clusters': 6, 'linkage': 'complete', 'metric': 'manhattan'};"[[10.080357    1.9689485   7.932408    9.172617    4.7069077   2.2671065
   7.7491326   5.2016892 ]
 [ 6.2170095  -0.85871065 10.537998    8.126687    6.244818    3.7244666
   7.6064277   3.2079883 ]
 [ 9.991406   -1.4892181  10.821942   10.306796    4.5111      3.769419
   8.02165     3.0145397 ]
 [ 9.023827   -0.611222    9.475419    8.579784    4.941826    2.650579
   8.136873    4.077968  ]
 [ 9.176187    1.377754    7.7453766   8.786446    2.5944254   1.3815157
   9.601524    5.9391503 ]
 [ 8.651384    0.46347982 10.709435    9.925119    3.8342268   3.9896317
   8.981618    2.3591437 ]]";0.5577993104946785;0.5577993104946785
30;robust;umap;9;7;{'n_clusters': 7, 'linkage': 'average', 'metric': 'cosine'};"[[ 1.0556028e+01  1.3631592e+00  8.6680737e+00  8.3530598e+00
   4.1947460e+00  3.2574089e+00  7.2626123e+00  4.1645064e+00
   5.8028855e+00]
 [ 1.0224031e+01  1.5170176e-01  9.0070896e+00  1.0576976e+01
   6.1579971e+00  1.5340607e+00  5.2007270e+00  1.7370977e+00
   3.9387255e+00]
 [ 8.9983549e+00 -4.1267341e-03  8.9737482e+00  8.7941866e+00
   5.2965798e+00  1.9964864e+00  6.3986554e+00  3.0548017e+00
   4.1244807e+00]
 [ 9.3274059e+00  1.6387304e+00  8.8817873e+00  9.6206837e+00
   7.1624603e+00  2.8873899e+00  6.2032537e+00  1.0161972e+00
   4.4420538e+00]
 [ 1.0128067e+01 -2.5579247e-01  9.1470833e+00  8.0265799e+00
   5.4363971e+00  3.8830261e+00  8.6402321e+00  3.9871335e+00
   7.8954902e+00]
 [ 6.9242339e+00  8.1954402e-01  9.9982367e+00  8.9416666e+00
   6.0144687e+00  1.7808527e+00  7.4788132e+00  2.1489911e+00
   2.0612407e+00]
 [ 1.1392365e+01  1.1051117e+00  9.0034370e+00  1.0385809e+01
   5.0673790e+00  2.0122368e+00  5.6388121e+00  2.6692514e+00
   4.6974373e+00]]";0.5726833231031525;0.5726833231031525
31;robust;umap;10;6;{'n_clusters': 6, 'linkage': 'average', 'metric': 'cosine'};"[[10.693462    2.2240365   8.736384    8.284364    3.6184428   2.130949
   8.110256    4.6024146   5.070256    5.6310325 ]
 [10.768443    0.0917221  10.870059    7.321071    3.4930716   4.0318313
   8.743052    1.7494936   3.4504237   6.2185707 ]
 [ 6.8573966  -0.85680526 10.135992    7.0001507   3.1963036   3.3513317
   8.198871    1.5740201   4.309203    7.3076587 ]
 [ 9.694046    0.87449527  7.7232647   9.093967    2.8178616   1.8610654
   9.948922    4.63488     5.303362    5.4201064 ]
 [ 9.770351    0.11159513  9.961092    7.1555376   4.0626316   2.8869643
   8.0993185   3.180419    5.0244927   6.872584  ]
 [ 9.196146    1.6336435   9.770415    7.1778297   4.0149026   4.6379
   8.832168    1.8893493   2.7401137   6.079773  ]]";0.5856735201967173;0.5856735201967173
32;robust;umap;11;6;{'n_clusters': 6, 'linkage': 'average', 'metric': 'manhattan'};"[[10.604314    1.1930462   8.573491    8.153728    4.6665397   5.926719
   8.385776    5.2124777   4.6024313   4.099531    5.859491  ]
 [10.535183    0.5180784  10.379895    8.59385     5.631632    8.171479
   7.62213     7.9663167   6.847374    4.683177    7.163995  ]
 [ 9.284823    2.1564536   9.435086    7.9201584   5.1788683   7.4611163
   7.0258937   7.8853517   7.1009      4.9442244   6.7401037 ]
 [ 6.6132298   0.49647278  9.838405    8.207154    5.2529073   9.325797
   6.8302975   7.0858145   5.700805    5.064132    5.6755185 ]
 [ 9.546568    0.11958942  9.387511    8.116037    5.579803    7.8721
   7.5627146   6.3291097   5.4122834   5.021617    6.13303   ]
 [ 9.551846    0.8532898   7.059089    9.079173    5.6315446   6.949693
   8.741869    5.256852    5.5559955   2.284506    4.9707584 ]]";0.5889895112260628;0.5889895112260628
33;robust;umap;12;5;{'n_clusters': 5, 'linkage': 'ward', 'metric': 'euclidean'};"[[ 9.9578085  1.9870739  8.512272   7.833738   6.2574725  3.3545213
   7.667886   4.594344   6.615661   6.2587748  2.9773748  3.445748 ]
 [ 9.455804   1.8162061 10.214655  10.098662   4.077669   3.3544111
   6.057362   5.333333   6.76573    5.1593103  5.8393254  2.124875 ]
 [ 6.230237   0.6203103  9.137381   7.7064753  4.3104067  3.2014678
   5.6513424  4.976294   5.6309333  6.320487   5.79686    2.8144011]
 [ 9.087262   0.885345   9.167353   8.585181   5.1369076  3.169461
   6.4738965  5.46287    6.019694   6.216385   4.7890224  2.4826312]
 [ 8.393026   2.7632468  9.552102   9.9201145  4.816155   3.5388339
   7.169966   4.172175   5.695571   5.6988864  6.2300777  2.587208 ]]";0.6116440786801851;0.6116440786801851
34;robust;umap;13;4;{'n_clusters': 4, 'linkage': 'single', 'metric': 'cosine'};"[[ 9.044593   -0.19129018  8.058382    9.317147    5.7900796   2.8640213
   2.3642063   3.9577796   5.3417115   7.424261    5.1004825   4.8683968
   2.2950892 ]
 [ 5.6123533   0.27555197  8.904119    7.811818    4.032777    2.9941285
   2.1213255   3.4534605   4.7303724   7.94359     4.8613315   4.300897
   3.2553163 ]
 [ 9.990597    1.7268106   7.579946    7.873728    5.563965    4.608146
   1.5341296   5.6708293   4.492266    5.3110948   3.3567238   5.8032722
   2.299167  ]
 [ 8.561976    1.741468    6.2450294   8.654842    4.8110933   4.5890822
  -0.02082125  6.770186    3.2461448   5.8436546   2.0357485   5.284945
   3.1456158 ]]";0.5867416986188655;0.5867416986188655
35;robust;umap;14;8;{'n_clusters': 8, 'linkage': 'average', 'metric': 'manhattan'};"[[10.477413    0.7848957   7.915116    8.524471    6.459383    3.1834536
   7.9200287   4.52382     5.7270045   5.0170345   4.030206    3.4518037
   2.4781237   7.208349  ]
 [ 8.7601     -0.85329276  9.029931    9.639629    4.287997    2.2310672
   7.3994064   4.4276137   4.998337    5.717726    3.5236597   2.6282132
   5.136022    5.6511006 ]
 [ 7.9143944   0.74269277  8.86877     9.238849    4.0550857   2.5350652
   7.20682     3.1729257   4.7578497   5.334417    3.8400776   3.0125604
   4.166101    5.7764163 ]
 [ 8.741065   -0.4621696   9.395476    8.324625    5.1967745   2.51981
   8.021483    4.9279957   5.101735    5.8510056   4.0249095   3.5928493
   3.306133    6.2835298 ]
 [ 8.98987     2.249381    8.47684     7.9353504   5.424506    3.4076726
   7.4224005   3.7573767   5.724453    5.02648     4.2114472   3.6144745
   2.6082604   6.4594917 ]
 [10.025925    1.2860479   6.45615     9.130237    6.5032682   2.559747
   8.250229    4.5388174   5.792171    4.840688    4.11477     3.4452207
  -0.06662728  7.1873493 ]
 [ 6.054976   -0.17671466 10.082656    7.6936984   4.2495003   1.3531623
   8.052053    4.001053    4.339482    6.4092817   4.0748787   4.8224792
   3.4986992   6.3738265 ]
 [10.169423   -0.77030015  8.275812    9.923164    5.390732    2.5424685
   7.7001495   4.458888    5.222959    5.3084183   3.688742    2.6508722
   4.53387     6.687101  ]]";0.5956812571460479;0.5956812571460479
36;maxabs;umap;3;6;{'n_clusters': 6, 'linkage': 'single', 'metric': 'euclidean'};"[[ 4.9924774  -0.82639045  9.893937  ]
 [ 7.597051    0.31252095  7.7807603 ]
 [ 9.549939   -2.5483313   8.423575  ]
 [ 7.118555   -4.272255    7.3319616 ]
 [ 6.1327376   1.5385991   5.350808  ]
 [ 4.8377333   0.6445709   5.804386  ]]";0.5636822723046332;0.5636822723046332
37;maxabs;umap;4;7;{'n_clusters': 7, 'linkage': 'single', 'metric': 'manhattan'};"[[11.153206    1.6787248   9.214369    3.7521145 ]
 [ 7.2510223  -0.71246266  5.31694     2.6085496 ]
 [ 9.047323    0.04861597  8.905444   -0.68422467]
 [ 9.563442    0.26009023  9.77464     5.070825  ]
 [ 8.750106   -0.5991607   6.5359707   1.7481836 ]
 [ 6.5050855  -0.94682485  6.4040155   1.5781485 ]
 [ 9.581489   -0.28659895  7.6365676   2.3594625 ]]";0.5616468596477964;0.5616468596477964
38;maxabs;umap;5;5;{'n_clusters': 5, 'linkage': 'average', 'metric': 'manhattan'};"[[ 9.60478    -0.14558038 10.302863    1.4908311   8.649287  ]
 [ 7.6647434  -0.34874517  6.88611     1.534397    5.0466723 ]
 [11.162823    3.305967    8.507775    4.246069    6.670613  ]
 [ 9.837369    0.3930109   7.73711     2.9566605   6.89057   ]
 [ 9.005717    3.1583652  10.108392    5.666725    6.232361  ]]";0.5558309398687055;0.5558309398687055
39;maxabs;umap;6;5;{'n_clusters': 5, 'linkage': 'average', 'metric': 'euclidean'};"[[10.143088   -0.4095908   9.291027    0.19876368  6.0628343   4.048962  ]
 [10.358738    2.359152    6.9674354   0.9488672   6.709594    7.4348435 ]
 [ 7.9868627  -1.9528142   5.893745    1.1970047   7.2513313   3.766186  ]
 [ 9.0671      1.5301548   7.9280524   3.163961    7.9253345   8.320035  ]
 [10.069179    0.31666937  6.52509     0.41259402  6.8910847   5.0687366 ]]";0.5949502737282027;0.5949502737282027
40;maxabs;umap;7;6;{'n_clusters': 6, 'linkage': 'single', 'metric': 'manhattan'};"[[ 8.326449   -0.25896102  7.2202897   2.8527398   6.855057    5.27985
   5.240507  ]
 [10.274749    1.30961     7.685345    3.2684455   6.3725033   3.3191788
   6.6799192 ]
 [ 8.472363   -1.0731331   9.195108    0.42547977  7.8462358   5.7530093
   4.8376718 ]
 [ 9.142012    0.54862165  9.394058    5.195016    6.7981553   3.11954
   7.654525  ]
 [ 5.5682507  -0.850118    7.0476413   3.7973506   7.7169456   6.2843814
   5.0608892 ]
 [ 6.5673327  -1.384846    8.047223    2.9262989   8.544381    5.7765017
   4.4041214 ]]";0.5364198627106197;0.5364198627106197
41;maxabs;umap;8;6;{'n_clusters': 6, 'linkage': 'average', 'metric': 'cosine'};"[[ 9.576066   -1.055034    9.380153    2.371001    5.964613    3.4865096
   8.791647    3.7239344 ]
 [10.607147    2.5222945   8.174129    3.4556456   6.605006    4.1432896
   5.9386034   5.3096213 ]
 [ 6.505286   -0.15954858  6.7550683   1.924326    7.564447    5.4588566
   8.1552      4.2435884 ]
 [ 9.150713    0.2776873   7.7791734   2.2291703   6.6517434   4.762846
   7.204049    4.855227  ]
 [ 9.477414    2.5736253   9.162263    5.2214985   7.9603662   3.6544015
   6.70445     3.9903455 ]
 [ 7.124793   -0.90797365  8.646498    2.6459744   6.3957324   4.6893005
   7.4269066   4.7229514 ]]";0.5650956668435824;0.5650956668435824
42;maxabs;umap;9;8;{'n_clusters': 8, 'linkage': 'single', 'metric': 'manhattan'};"[[12.038621    1.4285561   9.042617    3.689332    8.307361    5.101322
   8.190693    4.267054    3.4860914 ]
 [ 7.5721717  -0.8769067   6.481614    1.9668732   6.5841637   4.7470965
   8.874367    4.411052    3.396732  ]
 [10.479241    0.26375085  8.827559    2.795412    9.036234    5.428193
   9.121737    3.4975166   3.8432436 ]
 [10.040189    0.49594682  7.4845853   2.6964588   7.2572055   4.288597
   8.2080145   5.3460135   3.656412  ]
 [10.838287    2.8565974   7.5886555   4.3002825   6.7290797   4.2089844
   7.027239    6.0958276   3.15019   ]
 [ 8.043543   -1.4916872   7.9212413   1.4843824   6.7698426   5.023474
   9.126298    4.260723    3.7828467 ]
 [ 9.060209    0.78087354  7.1145406   3.1417847   7.0028243   4.6506844
   8.22237     4.935894    3.524664  ]
 [ 9.165529    2.785962    8.872622    4.82014     5.7028475   4.5478005
   6.2596936   5.022839    4.079425  ]]";0.5720215549685703;0.5720215549685703
43;maxabs;umap;10;5;{'n_clusters': 5, 'linkage': 'average', 'metric': 'euclidean'};"[[8.3309965  0.4108616  9.910158   0.23328452 7.236439   3.5012424
  6.9286866  4.59702    1.489297   2.0593503 ]
 [9.348757   2.8109016  8.324131   4.085033   6.0812683  2.852775
  6.698326   5.3110704  1.9080043  1.6313692 ]
 [6.1501856  0.2169895  6.8114896  0.3642594  6.0718436  3.912886
  8.450206   4.7884183  4.2799683  2.0977182 ]
 [8.342479   1.0716001  7.7060275  4.994282   4.6942945  2.5544245
  8.05524    3.628031   0.8458129  1.2891078 ]
 [8.0509815  1.3436607  7.581675   1.6295128  6.8442144  3.2491965
  7.6037765  5.292289   2.5438113  1.8818858 ]]";0.5544840847060302;0.5544840847060302
44;maxabs;umap;11;4;{'n_clusters': 4, 'linkage': 'average', 'metric': 'euclidean'};"[[10.605011    2.2167623   8.113457    3.636821    3.7820277   3.2592554
   7.8795824   6.4857154   6.982073    1.5481039   3.3677614 ]
 [ 7.0352187   0.89679056  6.306827    0.5080168   3.3358102   4.421216
   7.7476635   4.6018953   5.4335365   3.9927077   2.4929962 ]
 [ 9.203032   -0.1927174   8.689869    0.83615667  2.259376    2.410553
   7.429227    3.7701683   6.3691983   2.0733209   4.1945934 ]
 [ 9.167794    0.92376924  6.8821425   1.8870538   3.1097205   3.3945506
   7.7878575   5.3003817   6.285978    2.6467693   3.4011915 ]]";0.5975389243946655;0.5975389243946655
45;maxabs;umap;12;5;{'n_clusters': 5, 'linkage': 'average', 'metric': 'manhattan'};"[[ 9.890258    0.22795336  8.745681    2.5926895   6.4141493   7.0478697
   8.11472     4.4850216   3.3973117   1.0980144   3.3543475   4.416807  ]
 [ 9.829885    2.9975967   7.468815    3.3216915   6.38927     3.8644574
   7.5832057   5.4672027   3.7604854   2.2250774   2.4469852   3.872545  ]
 [ 5.862988   -0.48664328  7.353702    1.1669083   6.729672    6.174814
   8.38604     5.345282    2.8449855   1.9818988   2.7462537   4.499945  ]
 [ 7.8778706   3.3994105   8.342289    4.1096735   5.9609604   3.1538723
   8.024995    5.9246926   4.030973    2.1083581   2.3493338   4.798361  ]
 [ 8.732413    0.14778395  7.219747    2.454186    6.7755613   5.331606
   7.8115907   5.526656    2.676637    1.9311658   2.66096     4.2683034 ]]";0.5936432408715913;0.5936432408715913
46;maxabs;umap;13;4;{'n_clusters': 4, 'linkage': 'complete', 'metric': 'euclidean'};"[[10.178753    3.0345879   8.193428    2.5530024   5.9082017   4.0606155
   8.636645    6.015411    3.9948502   2.4095185   1.641254    5.457429
   5.69003   ]
 [ 8.98172     0.57751566  7.2647767   2.0175526   6.19147     3.9787674
   8.304716    5.4337597   3.943469    2.378413    3.0752497   4.0566134
   4.9417305 ]
 [ 8.722166    0.06663617  9.248386    1.2855176   7.0710835   3.1966841
   8.805891    5.6127496   4.683701    1.633915    3.5547152   3.9580665
   3.1884985 ]
 [ 6.2813334  -0.5115786   7.0892787   2.3425827   5.8636546   4.6022863
   7.254583    4.7937765   3.6820977   2.9957206   3.3455043   3.5658743
   4.5992093 ]]";0.5788605935164903;0.5788605935164903
47;maxabs;umap;14;4;{'n_clusters': 4, 'linkage': 'complete', 'metric': 'cosine'};"[[ 8.579206   -0.2895471  10.024852    2.5962572   8.372729    3.8087382
   8.041168    3.7750971   2.5221105   2.4034472   4.1563487   3.8950157
   3.4329202   2.6571932 ]
 [ 9.754306    2.7570813   8.662864    3.7046783   6.4890995   3.3540342
   8.516145    5.7741303   4.055174    3.4363592   3.52168     3.5756028
   4.888655    2.4342704 ]
 [ 6.2170568  -0.94830275  7.2677107   1.8571045   6.858854    4.610888
   7.75584     5.985982    3.9459198   2.9384756   4.1497064   4.143477
   4.160233    3.8385627 ]
 [ 8.507265    0.23130979  8.085837    2.6902812   7.319013    3.7323616
   8.158678    5.4679785   3.7127128   2.7407017   3.3162835   3.7313213
   4.1951284   3.4876792 ]]";0.5657002694454248;0.5657002694454248
